,rodada_id,atleta_id,apelido,clube,posicao,preco_open,pontos_num,variacao_num,ieo_gm_mean,iao_gm_mean,ied_gm_mean,ieg_gm_mean,iro_gm,irp_gm,ippc_gm_mean,ranking_clube,fase,prob_vitoria_mandante,prob_vitoria_visitante,prob_vitoria,mando,XP_mandante,XP_visitante,XP,media_movel_mandante,media_movel_visitante,media_movel,odds,points_next,binary_prob
1770,37,98672,Savarino,Atlético-MG,ATA,8.12,8.6,1.39,11.989189189189188,3.063063063063063,26.610471826885238,14.692442749310064,5.733142857142859,3.09033004923661,0.24876155762831464,1.0,86.67,38.47010078782818,58.32652262500054,58.32652262500054,visitante,0.0,3.3,3.3,4.55,0.0,4.55,4.76,1,1.0
642,37,73476,Marcão,Fluminense,TEC,9.75,-0.07,-0.64,0.0,0.0,26.46322289844204,15.190540486578307,0.0,8.889066898901268,0.3448073558118862,7.0,40.0,62.91995544979079,31.566480766109805,62.91995544979079,mandante,4.018977272727273,0.0,4.018977272727273,5.1866666666666665,1.4166666666666667,3.3016666666666667,1.29,1,0.9090909090909091
1458,37,83048,Rafael Thyere,Sport,ZAG,4.75,2.5,0.29,0.0,0.0,31.97489024839201,15.636677544446735,25.0,17.079550700107706,0.4761275647940344,19.0,46.67,30.667613081529073,31.566480766109805,30.667613081529073,mandante,3.2739583333333337,0.0,3.2739583333333337,4.55,-0.13333333333333344,2.208333333333333,2.08,1,0.9090909090909091
1389,37,38229,Fábio Santos,Corinthians,LAT,10.92,2.7,-1.19,15.97054054054054,1.8918918918918919,30.411404005469883,15.811474284164213,3.3754285714285714,15.2924644076634,0.28354337763442217,4.0,46.67,38.47010078782818,34.00879606206684,34.00879606206684,visitante,0.0,3.775098039215687,3.775098039215687,6.1999999999999975,0.8999999999999999,3.549999999999999,4.48,1,0.9090909090909091
1774,37,68952,Marinho,Santos,ATA,17.2,5.5,0.05,15.882432432432433,7.0720720720720704,30.65471476233889,14.692442749310064,39.23,9.082043327577596,0.19706362318385198,11.0,66.67,35.28891731984741,31.566480766109805,35.28891731984741,mandante,5.44828431372549,0.0,5.44828431372549,8.766666666666667,5.5,7.133333333333334,1.89,1,0.9090909090909091
1410,37,95466,Igor Vinícius,São Paulo,LAT,7.27,-0.1,-1.11,0.0,0.0,33.551684451087155,15.232582846692415,2.5978125000000003,4.613115158578292,0.21142192692511014,13.0,66.67,38.47010078782818,25.650587805777537,25.650587805777537,visitante,0.0,3.8320261437908494,3.8320261437908494,2.9000000000000004,5.300000000000002,4.100000000000001,3.49,1,0.8181818181818182
2349,37,105102,Campaz,Grêmio,MEI,3.75,2.6,0.16,0.0,0.0,25.51828873914361,15.627486865745931,9.866666666666667,2.998591202421565,0.2654090152002873,18.0,53.33,15.655393612007352,31.566480766109805,15.655393612007352,mandante,2.7147058823529413,0.0,2.7147058823529413,7.3,1.9,4.6,1.65,1,0.8181818181818182
1386,37,78077,Madson,Santos,LAT,6.91,4.4,0.16,7.862432432432432,1.2226512226512225,32.07676773944938,15.64101145609418,4.425151515151515,7.097966169860643,0.5388093901472544,11.0,66.67,35.28891731984741,31.566480766109805,35.28891731984741,mandante,4.4748868778280535,0.0,4.4748868778280535,8.4,2.75,5.575,1.89,1,0.8181818181818182
1465,37,104401,Vitor Mendes,Juventude,ZAG,4.86,1.1,-2.38,4.781621621621622,3.0888030888030884,31.94117410748792,15.421490062432115,4.801818181818182,6.858722192078135,0.608355714847605,17.0,26.67,32.67700088963372,31.566480766109805,32.67700088963372,mandante,3.823888888888889,0.0,3.823888888888889,18.4,6.6,12.5,1.85,1,0.8181818181818182
755,37,85004,Marcos Felipe,Fluminense,GOL,13.6,3.0,0.07,0.0,0.0,27.548811387625733,40.314106785820094,0.0,9.226460058661145,0.2612516014988251,7.0,40.0,62.91995544979079,31.566480766109805,62.91995544979079,mandante,4.71875,0.0,4.71875,5.666666666666668,2.833333333333333,4.25,1.29,1,0.8181818181818182
1445,37,88033,Alan Empereur,Cuiabá,ZAG,5.96,6.0,-0.25,3.4782608695652173,2.1739130434782608,27.966855987997352,16.39591444686826,5.0,6.413943629787804,0.3755726426263011,15.0,46.67,38.47010078782818,27.780735748484545,27.780735748484545,visitante,0.0,3.404464285714286,3.404464285714286,6.8,2.6,4.7,4.49,1,0.8181818181818182
623,37,42411,Cuca,Atlético-MG,TEC,13.3,6.75,0.56,0.0,0.0,26.270617706592873,14.692442749310064,0.0,8.333457542740456,0.3848224640728317,1.0,86.67,38.47010078782818,58.32652262500054,58.32652262500054,visitante,0.0,4.41078431372549,4.41078431372549,5.36,5.245,5.3025,4.76,1,0.8181818181818182
1414,37,85626,Léo,São Paulo,LAT,7.23,-2.0,-1.03,0.0,0.0,30.775129223173288,15.453913490714937,1.041875,4.515996944713488,0.21633406965730287,13.0,66.67,38.47010078782818,25.650587805777537,25.650587805777537,visitante,0.0,3.257239819004525,3.257239819004525,-2.0,1.85,-0.07499999999999996,3.49,1,0.8181818181818182
628,37,98057,Tiago Nunes,Ceará,TEC,7.0,5.07,0.43,0.0,0.0,26.531921913854283,14.878075255633574,0.0,7.903520409144218,0.4791913456859212,10.0,53.33,38.47010078782818,26.366632864964,26.366632864964,visitante,0.0,3.2129292929292927,3.2129292929292927,4.506666666666667,3.375,3.940833333333333,1.84,1,0.8181818181818182
1784,37,100762,Bissoli,Athlético-PR,ATA,4.95,1.8,0.13,6.698695652173913,7.8260869565217375,25.341868340938397,15.381776807678616,7.136666666666668,2.859748651280703,0.21108562525117167,14.0,33.33,38.47010078782818,30.989641261401896,30.989641261401896,visitante,0.0,3.084375,3.084375,1.35,0.25,0.8,3.5030666883011516,1,0.8181818181818182
1773,37,83266,Marcos Guilherme,Santos,ATA,6.58,5.9,1.04,16.208648648648648,5.225225225225224,28.734675088650064,14.692442749310064,9.039999999999996,6.7731084662203696,0.3360992408127392,11.0,66.67,35.28891731984741,31.566480766109805,35.28891731984741,mandante,2.964117647058824,0.0,2.964117647058824,3.5666666666666664,3.1,3.333333333333333,1.89,1,0.8181818181818182
635,37,92180,Jair Ventura,Juventude,TEC,5.1,2.93,0.35,0.0,0.0,25.530977778813906,13.704242769350323,0.0,9.666062851953908,0.6060373891800227,17.0,26.67,32.67700088963372,31.566480766109805,32.67700088963372,mandante,0.0,2.7119411764705883,2.7119411764705883,3.545,3.31,3.4275,1.85,1,0.8181818181818182
1380,37,60852,Uendel,Cuiabá,LAT,5.64,5.7,1.35,0.0,0.0,32.02788606553545,15.730343002825567,1.9159375,5.6496284798008025,0.4547266145171989,15.0,46.67,38.47010078782818,27.780735748484545,27.780735748484545,visitante,0.0,3.912083333333333,3.912083333333333,2.033333333333333,3.1,2.5666666666666664,4.49,1,0.8181818181818182
2397,37,93550,Benítez,São Paulo,MEI,5.93,-0.3,-1.55,7.194864864864862,2.2972972972972974,27.54330533403316,14.692442749310064,5.2718750000000005,3.2129942420273383,0.15522923294175214,13.0,66.67,38.47010078782818,25.650587805777537,25.650587805777537,visitante,0.0,3.308288770053476,3.308288770053476,4.199999999999998,4.2,4.199999999999998,3.49,1,0.8181818181818182
1404,37,78445,Renê,Flamengo,LAT,5.82,0.0,0.0,5.405405405405406,0.5405405405405406,32.20477804719512,15.264011329684566,0.21636363636363634,2.706821864197353,0.2660389003776057,2.0,53.33,38.47010078782818,48.0024305774539,48.0024305774539,visitante,0.0,4.104910714285714,4.104910714285714,3.4000000000000004,6.6,5.0,4.08,1,0.7272727272727273
1381,37,97899,Matheus Bahia,Bahia,LAT,11.4,5.3,-0.82,10.438108108108107,0.5405405405405406,37.82852937445927,15.718974245971772,2.948125,8.563036105393468,0.3117872226795497,16.0,46.67,38.47010078782818,25.799595479369863,25.799595479369863,visitante,0.0,4.0155080213903735,4.0155080213903735,8.5,-4.6,1.95,2.45,1,0.7272727272727273
1378,37,68808,Nino Paraíba,Bahia,LAT,9.5,6.7,0.37,5.405405405405406,0.0,39.76866292339524,15.541654068651596,5.508749999999999,8.028304167246572,0.3638520172521669,16.0,46.67,38.47010078782818,25.799595479369863,25.799595479369863,visitante,0.0,4.0920814479638015,4.0920814479638015,5.95,4.0,4.975,2.45,1,0.7272727272727273
2357,37,83433,Patrick,Internacional,MEI,9.6,1.7,-0.52,11.935945945945944,1.3513513513513509,40.220032141160935,14.692442749310064,8.33,8.301045836465706,0.3903396076373701,12.0,6.67,38.47010078782818,28.71635222718925,28.71635222718925,visitante,0.0,3.409411764705882,3.409411764705882,2.4,4.0,3.2,3.88,1,0.7272727272727273
2356,37,107109,Gomes,Flamengo,MEI,3.65,1.8,-0.56,2.7027027027027017,0.0,29.66447126193919,14.692442749310064,1.5451515151515152,1.2452342146129918,0.2063176857868876,2.0,53.33,38.47010078782818,48.0024305774539,48.0024305774539,visitante,0.0,2.921875,2.921875,4.0,0.0,4.0,4.08,1,0.7272727272727273
2353,37,51548,Giuliano,Corinthians,MEI,9.4,2.2,0.05,21.476538461538464,4.945054945054944,34.241988096811255,15.466434689420804,7.6175,9.881284694182506,0.2971591990151563,4.0,46.67,38.47010078782818,34.00879606206684,34.00879606206684,visitante,0.0,2.7562091503267974,2.7562091503267974,6.75,0.9,3.825,4.48,1,0.7272727272727273
2350,37,87009,Nathan,Atlético-MG,MEI,4.58,2.6,0.39,10.565135135135137,2.2522522522522523,26.67851305703515,14.692442749310064,2.560857142857143,1.599817163752714,0.2306837564440168,1.0,86.67,38.47010078782818,58.32652262500054,58.32652262500054,visitante,0.0,2.925757575757576,2.925757575757576,3.75,0.4,2.075,4.76,1,0.7272727272727273
1457,37,104075,Sabino,Sport,ZAG,7.13,3.0,0.21,0.0,0.0,37.31999721715776,15.821237104006295,7.957272727272726,27.32728112017233,0.4875488822591735,19.0,46.67,30.667613081529073,31.566480766109805,30.667613081529073,mandante,3.5972916666666666,0.0,3.5972916666666666,6.1,2.733333333333333,4.416666666666666,2.08,1,0.7272727272727273
1383,37,90061,Bruno Pacheco,Ceará,LAT,6.9,5.0,0.22,2.7027027027027017,0.0,35.308753898824065,15.86332035980851,1.7448571428571429,6.114091249927901,0.452161141950277,10.0,53.33,38.47010078782818,26.366632864964,26.366632864964,visitante,0.0,3.159640522875817,3.159640522875817,2.6666666666666665,3.875,3.270833333333333,1.84,1,0.7272727272727273
1467,37,52253,Réver,Atlético-MG,ZAG,8.87,0.8,-0.53,0.0,0.0,32.91275698501537,15.739207724285036,0.8365714285714286,4.069100177371033,0.2413613578544553,1.0,86.67,38.47010078782818,58.32652262500054,58.32652262500054,visitante,0.0,4.791666666666666,4.791666666666666,3.8,8.5,6.15,4.76,1,0.7272727272727273
1468,37,91203,Éder,Atlético-GO,ZAG,7.35,0.8,0.19,5.032702702702703,0.4504504504504504,25.83960508294092,15.547407258553855,3.31,4.023223602999142,0.19762612053695489,9.0,73.33,19.875603854842367,31.566480766109805,19.875603854842367,mandante,1.6583333333333334,0.0,1.6583333333333334,-0.6,1.4,0.4,1.85,1,0.7272727272727273
1471,37,83528,Léo Pereira,Flamengo,ZAG,4.36,0.0,0.0,0.0,0.0,30.764094123747288,15.289538092143994,2.391515151515152,2.567394094993582,0.3962888517062936,2.0,53.33,38.47010078782818,48.0024305774539,48.0024305774539,visitante,0.0,3.0822916666666664,3.0822916666666664,2.0,0.0,2.0,4.08,1,0.7272727272727273
2359,37,106822,Rodrigo Nestor,São Paulo,MEI,3.54,1.4,-0.27,7.535135135135134,0.0,31.799845091000925,14.692442749310064,4.343636363636364,3.1182821100375606,0.367890565099204,13.0,66.67,38.47010078782818,25.650587805777537,25.650587805777537,visitante,0.0,3.7031372549019608,3.7031372549019608,2.1,0.95,1.525,3.49,1,0.7272727272727273
2364,37,101798,Guilherme Castilho,Juventude,MEI,5.79,0.9,-0.71,13.570810810810812,5.341055341055339,31.607469304295677,14.692442749310064,12.95818181818182,8.249118285404236,0.5085082752003318,17.0,26.67,32.67700088963372,31.566480766109805,32.67700088963372,mandante,4.317222222222223,0.0,4.317222222222223,6.85,5.05,5.949999999999998,1.85,1,0.7272727272727273
2362,37,79701,Lucas Silva,Grêmio,MEI,4.01,1.0,-2.37,7.2889189189189185,2.2522522522522523,31.174230792877946,14.692442749310064,4.080333333333334,4.888444052836639,0.3958941472647224,18.0,53.33,15.655393612007352,31.566480766109805,15.655393612007352,mandante,2.9334558823529413,0.0,2.9334558823529413,9.4,7.5,8.45,1.65,1,0.7272727272727273
1406,37,105175,Khellven ,Athlético-PR,LAT,5.63,0.0,0.0,8.108108108108109,0.5405405405405406,30.34539016651297,15.065054992890053,2.111515151515152,4.266435825694453,0.2852354767471805,14.0,33.33,38.47010078782818,30.989641261401896,30.989641261401896,visitante,0.0,3.5254464285714286,3.5254464285714286,0.3,0.0,0.3,3.5030666883011516,1,0.7272727272727273
2402,37,100084,Igor Gomes,São Paulo,MEI,3.52,-3.2,-0.96,5.405405405405406,1.4414414414414414,29.536350138636518,14.692442749310064,5.813030303030303,3.1812777082201373,0.27202435894285043,13.0,66.67,38.47010078782818,25.650587805777537,25.650587805777537,visitante,0.0,3.4836134453781518,3.4836134453781518,-0.03333333333333336,3.0500000000000003,1.5083333333333335,3.49,1,0.7272727272727273
2372,37,71162,Vina,Ceará,MEI,11.41,0.4,-1.95,20.662972972972973,7.882882882882883,29.81787292500634,14.692442749310064,16.108,7.299737875962133,0.2607072173341293,10.0,53.33,38.47010078782818,26.366632864964,26.366632864964,visitante,0.0,3.186111111111112,3.186111111111112,8.5,8.066666666666668,8.283333333333335,1.84,1,0.7272727272727273
2374,37,107203,Max,Cuiabá,MEI,1.28,0.1,-0.08,2.252162162162162,1.6216216216216215,28.983515452983585,14.692442749310064,13.132142857142856,2.6238860303677383,0.4310451760179521,15.0,46.67,38.47010078782818,27.780735748484545,27.780735748484545,visitante,0.0,2.81875,2.81875,1.2,1.9,1.5499999999999998,4.49,1,0.7272727272727273
2399,37,115100,Matheus França,Flamengo,MEI,1.44,-0.5,-0.56,0.0,0.0,27.59459733634769,7.477390391368885,0.0,-0.17789060208757027,-0.05,2.0,53.33,38.47010078782818,48.0024305774539,48.0024305774539,visitante,0.0,3.78125,3.78125,-0.5,0.0,-0.5,4.08,1,0.7272727272727273
1444,37,87402,Messias,Ceará,ZAG,4.6,7.6,1.15,7.7354054054054044,0.6756756756756757,26.462425993339753,15.848987845475992,2.637142857142857,4.838720014355935,0.9646232502086248,10.0,53.33,38.47010078782818,26.366632864964,26.366632864964,visitante,0.0,2.4579861111111114,2.4579861111111114,4.45,0.8999999999999999,2.675,1.84,1,0.7272727272727273
2379,37,95802,Piris da Motta,Flamengo,MEI,2.26,0.0,0.0,0.0,0.0,26.725719776924052,15.431571852916115,0.0,0.1270647157768359,0.028830963665086886,2.0,53.33,38.47010078782818,48.0024305774539,48.0024305774539,visitante,0.0,2.390625,2.390625,0.0,1.0,1.0,4.08,1,0.7272727272727273
1478,37,100842,Ruan,Grêmio,ZAG,3.04,0.0,-0.02,0.0,0.0,32.876067932794555,15.095610894413692,8.33,4.202655138949484,0.4713807731322469,18.0,53.33,15.655393612007352,31.566480766109805,15.655393612007352,mandante,3.357563025210084,0.0,3.357563025210084,0.0,0.0,3.237875225971678,1.65,1,0.7272727272727273
1442,37,79113,Víctor Cuesta,Internacional,ZAG,9.24,12.0,1.82,9.564594594594594,0.0,33.45455104412773,15.616602041853636,2.6157142857142857,5.956677282809918,0.33273914035276725,12.0,6.67,38.47010078782818,28.71635222718925,28.71635222718925,visitante,0.0,1.7262867647058822,1.7262867647058822,4.3,0.55,2.425,3.88,1,0.7272727272727273
1413,37,78850,Reinaldo,São Paulo,LAT,9.71,-0.6,-1.39,11.935945945945944,1.5765765765765765,30.522063800156197,15.40767957351328,8.36,6.952045475822376,0.22867428337034096,13.0,66.67,38.47010078782818,25.650587805777537,25.650587805777537,visitante,0.0,3.3639705882352944,3.3639705882352944,2.6,2.85,2.725,3.49,1,0.7272727272727273
1412,37,97133,Dudu,Atlético-GO,LAT,10.09,-0.3,-0.33,2.7027027027027017,0.0,36.426874341325494,15.595273134722804,0.999375,5.830464553939331,0.20117782168079928,9.0,73.33,19.875603854842367,31.566480766109805,19.875603854842367,mandante,2.591025641025641,0.0,2.591025641025641,2.75,2.5000000000000004,2.625,1.85,1,0.7272727272727273
1399,37,115239,Wesley,Flamengo,LAT,1.0,0.0,0.0,0.0,0.0,29.268292682926827,12.903225806451616,0.0,0.0,0.0,2.0,53.33,38.47010078782818,48.0024305774539,48.0024305774539,visitante,0.0,0.0,0.0,0.0,0.0,3.237875225971678,4.08,1,0.7272727272727273
1477,37,91251,Rodrigues,Grêmio,ZAG,3.32,0.0,0.0,0.0,0.0,29.103698350639693,14.966910765713562,8.33,3.798215523067317,0.15492733453497814,18.0,53.33,15.655393612007352,31.566480766109805,15.655393612007352,mandante,2.356372549019608,0.0,2.356372549019608,0.0,0.0,3.237875225971678,1.65,1,0.7272727272727273
2351,37,97780,Dawhan,Juventude,MEI,4.79,2.5,0.44,14.4936,3.666666666666666,37.030880167777006,15.513663505569069,3.9642857142857135,6.587425393380357,0.5514861213351625,17.0,26.67,32.67700088963372,31.566480766109805,32.67700088963372,mandante,4.269444444444444,0.0,4.269444444444444,9.2,0.5333333333333333,4.866666666666666,1.85,1,0.7272727272727273
630,37,70696,Fábio Carille,Santos,TEC,8.45,4.68,0.39,0.0,0.0,26.788314953965358,15.608473060705357,0.0,9.383682232665468,0.5408129675642721,11.0,66.67,35.28891731984741,31.566480766109805,35.28891731984741,mandante,4.497689075630252,0.0,4.497689075630252,7.1066666666666665,3.0275,5.067083333333333,1.89,1,0.7272727272727273
1763,37,100652,Yuri Alberto,Internacional,ATA,8.37,10.3,1.21,21.057837837837837,14.736164736164735,22.863413059393594,14.692442749310064,20.356666666666666,9.605931903902132,0.8745993267885742,12.0,6.67,38.47010078782818,28.71635222718925,28.71635222718925,visitante,0.0,3.020036764705882,3.020036764705882,6.5500000000000025,1.0,3.7750000000000012,3.88,1,0.7272727272727273
636,37,73766,Diego Aguirre,Internacional,TEC,9.56,2.73,-0.03,0.0,0.0,26.218357261347627,14.832258714200854,0.0,8.535542726877473,0.42021028175038794,12.0,6.67,38.47010078782818,28.71635222718925,28.71635222718925,visitante,0.0,2.7625367647058825,2.7625367647058825,2.565,1.6466666666666665,2.105833333333333,3.88,1,0.7272727272727273
761,37,98333,Gabriel Batista,Flamengo,GOL,2.69,0.0,0.0,0.0,0.0,26.428123185044303,17.902905637192305,0.0,0.8173351987807284,0.19764465720030489,2.0,53.33,38.47010078782818,48.0024305774539,48.0024305774539,visitante,0.0,0.0,0.0,0.0,0.0,3.237875225971678,4.08,1,0.7272727272727273
754,37,71571,Fernando Miguel,Atlético-GO,GOL,16.96,4.0,0.61,0.0,0.0,27.590444727928077,41.4143082936202,0.0,11.186356411627784,0.2701169325449061,9.0,73.33,19.875603854842367,31.566480766109805,19.875603854842367,mandante,3.283333333333333,0.0,3.283333333333333,2.5,4.333333333333333,3.4166666666666665,1.85,1,0.7272727272727273
624,37,37245,Guto Ferreira,Bahia,TEC,9.96,6.12,0.2,0.0,0.0,26.371918235379663,14.251216771353937,0.0,9.201418138400346,0.3932383157236367,16.0,46.67,38.47010078782818,25.799595479369863,25.799595479369863,visitante,0.0,3.4668803418803416,3.4668803418803416,5.885,1.71,3.7975,2.45,1,0.7272727272727273
751,37,51413,Walter,Cuiabá,GOL,9.22,8.0,1.37,0.0,0.0,27.44759188463868,42.62094200267106,0.0,11.77990875495426,0.6195641060006404,15.0,46.67,38.47010078782818,27.780735748484545,27.780735748484545,visitante,0.0,5.359375,5.359375,5.333333333333333,3.5,4.416666666666666,4.49,1,0.7272727272727273
1797,37,101596,Vitor Gabriel,Flamengo,ATA,2.39,0.0,0.0,0.0,0.0,26.406246662151556,15.105243986638026,1.1876,0.2503645510862101,0.057196910456327237,2.0,53.33,38.47010078782818,48.0024305774539,48.0024305774539,visitante,0.0,2.340625,2.340625,0.8,0.0,0.8,4.08,1,0.7272727272727273
1790,37,110193,Lázaro,Flamengo,ATA,1.47,0.8,0.01,0.0,0.0,26.46837644093697,14.692442749310064,0.0,0.04327068699427385,0.017483011963269818,2.0,53.33,38.47010078782818,48.0024305774539,48.0024305774539,visitante,0.0,1.865625,1.865625,0.8,0.0,0.8,4.08,1,0.7272727272727273
637,37,97341,Rogério Ceni,São Paulo,TEC,11.12,2.41,-1.01,0.0,0.0,25.83307627418371,14.152189330139592,0.0,8.830694318870831,0.2934881716665679,13.0,66.67,38.47010078782818,25.650587805777537,25.650587805777537,visitante,0.0,3.5663392857142853,3.5663392857142853,3.52,4.0150000000000015,3.7675000000000014,3.49,1,0.7272727272727273
1800,37,87552,Vitor Bueno,São Paulo,ATA,4.79,0.0,0.0,2.3502702702702702,1.8018018018018016,27.3005866283292,14.692442749310064,5.4087878787878765,2.464702778893324,0.16824864228747075,13.0,66.67,38.47010078782818,25.650587805777537,25.650587805777537,visitante,0.0,3.6709150326797375,3.6709150326797375,0.7999999999999999,0.6499999999999999,0.7249999999999999,3.49,1,0.7272727272727273
640,37,107010,Maurício Souza,Flamengo,TEC,9.18,0.1,-2.32,0.0,0.0,28.270509977827054,8.724340175953081,0.0,0.08894530104378512,0.004347826086956522,2.0,53.33,38.47010078782818,48.0024305774539,48.0024305774539,visitante,0.0,3.78125,3.78125,0.1,0.0,0.1,4.08,1,0.7272727272727273
747,37,85425,João Paulo,Santos,GOL,8.42,10.0,0.81,0.0,0.0,27.91202152827399,46.76840776716279,0.0,9.945875930980248,0.7537754235337184,11.0,66.67,35.28891731984741,31.566480766109805,35.28891731984741,mandante,4.871040723981903,0.0,4.871040723981903,8.666666666666666,7.5,8.083333333333332,1.89,1,0.7272727272727273
1481,37,73465,Luccas Claro,Fluminense,ZAG,8.28,-2.2,-1.52,0.0,0.0,27.886546271876522,15.522236630574536,3.111764705882353,3.8388543823326433,0.1455906269536226,7.0,40.0,62.91995544979079,31.566480766109805,62.91995544979079,mandante,3.046875,0.0,3.046875,3.6,-2.2,0.7,1.29,1,0.7272727272727273
2388,37,104502,Christian,Athlético-PR,MEI,6.1,0.0,0.0,5.405405405405406,1.2762762762762765,26.526207539612994,14.692442749310064,4.761212121212122,3.08389111313784,0.15264599578086396,14.0,33.33,38.47010078782818,30.989641261401896,30.989641261401896,visitante,0.0,2.746875,2.746875,-1.65,-0.3999999999999999,-1.025,3.5030666883011516,1,0.6363636363636364
765,37,93882,Cleiton,Bragantino,GOL,8.63,-2.0,-0.86,0.0,0.0,26.864904565647866,43.81307079247792,0.0,7.2352785477483,0.3664488589694716,6.0,26.67,46.514132486895434,31.566480766109805,46.514132486895434,mandante,4.263888888888889,0.0,4.263888888888889,4.0,-0.25,1.875,1.92,1,0.6363636363636364
759,37,68928,Rafael,Atlético-MG,GOL,5.0,0.0,0.0,0.0,0.0,26.270617706592873,14.692442749310064,0.0,0.0,0.0,1.0,86.67,38.47010078782818,58.32652262500054,58.32652262500054,visitante,0.0,0.0,0.0,0.0,0.0,3.237875225971678,4.76,1,0.6363636363636364
1396,37,70916,Diogo Barbosa,Grêmio,LAT,4.04,0.3,0.01,0.0,0.0,29.460895522464746,14.896492953360267,0.2083333333333333,1.4946681456514903,0.10396935495431273,18.0,53.33,15.655393612007352,31.566480766109805,15.655393612007352,mandante,2.4647058823529413,0.0,2.4647058823529413,0.0,0.0,3.237875225971678,1.65,1,0.6363636363636364
1392,37,86629,Arthur Henrique,Atlético-GO,LAT,2.38,2.1,-0.95,2.3947222222222218,0.0,27.248479086095408,14.473086000282967,0.2480645161290323,1.2310013986084225,0.2096756082751933,9.0,73.33,19.875603854842367,31.566480766109805,19.875603854842367,mandante,3.5,0.0,3.5,9.0,2.1,5.55,1.85,1,0.6363636363636364
2376,37,106843,Borrero,Atlético-MG,MEI,2.61,0.0,0.0,7.51,2.1621621621621623,28.885188463103766,14.692442749310064,2.917142857142857,1.9227616222742248,0.5541917732849694,1.0,86.67,38.47010078782818,58.32652262500054,58.32652262500054,visitante,0.0,4.291666666666666,4.291666666666666,0.0,2.0,2.0,4.76,1,0.6363636363636364
2394,37,106371,Jhonata Robert,Grêmio,MEI,1.04,-0.2,-0.87,2.252162162162162,2.7027027027027017,26.240219414953398,14.692442749310064,2.703333333333333,1.3276169999610297,0.5147415096756162,18.0,53.33,15.655393612007352,31.566480766109805,15.655393612007352,mandante,2.081372549019608,0.0,2.081372549019608,10.5,2.75,6.625,1.65,1,0.6363636363636364
1775,37,96684,Rigoni,São Paulo,ATA,7.15,5.5,0.75,18.544594594594606,7.027027027027027,25.96901967938301,14.692442749310064,15.945937500000005,5.681415511091162,0.3281441935713573,13.0,66.67,38.47010078782818,25.650587805777537,25.650587805777537,visitante,0.0,3.6457013574660633,3.6457013574660633,2.95,1.4,2.175,3.49,1,0.6363636363636364
638,37,39850,Vagner Mancini,Grêmio,TEC,7.36,2.12,-0.35,0.0,0.0,25.97060775503304,14.960945370448208,0.0,10.263490160568304,0.4698824017045414,18.0,53.33,15.655393612007352,31.566480766109805,15.655393612007352,mandante,4.228660714285715,0.0,4.228660714285715,8.34,3.2300000000000004,5.785,1.65,1,0.6363636363636364
1400,37,101319,Guga,Atlético-MG,LAT,8.4,0.0,0.0,0.0,0.0,35.412676266911454,15.583893845062235,0.7534285714285713,3.8803018785430736,0.2507396282408029,1.0,86.67,38.47010078782818,58.32652262500054,58.32652262500054,visitante,0.0,3.9452380952380963,3.9452380952380963,4.4,4.6,4.5,4.76,1,0.6363636363636364
1403,37,68727,Dodô,Atlético-MG,LAT,7.27,0.0,0.0,0.0,0.0,31.397011469891897,15.279921717560699,0.9654285714285712,2.2705479622204665,0.1922927518608973,1.0,86.67,38.47010078782818,58.32652262500054,58.32652262500054,visitante,0.0,3.925,3.925,0.0,0.0,3.237875225971678,4.76,1,0.6363636363636364
625,37,84863,Alberto Valentim,Athlético-PR,TEC,4.78,6.02,0.81,0.0,0.0,26.874592215722572,15.051219678744149,0.0,7.919461086439487,0.6885587132029242,14.0,33.33,38.47010078782818,30.989641261401896,30.989641261401896,visitante,0.0,4.367708333333334,4.367708333333334,3.3033333333333332,1.495,2.3991666666666664,3.5030666883011516,1,0.6363636363636364
1780,37,109282,Luiz Henrique,Fluminense,ATA,6.5,2.7,0.11,16.991351351351348,5.8108108108108105,37.0123071691865,14.692442749310064,10.329117647058824,8.583505866114562,0.6278103480133758,7.0,40.0,62.91995544979079,31.566480766109805,62.91995544979079,mandante,4.3098214285714285,0.0,4.3098214285714285,9.7,2.05,5.875,1.29,1,0.6363636363636364
2391,37,39656,Franco,Atlético-MG,MEI,2.55,-0.1,-0.25,0.0,0.0,26.270617706592873,14.692442749310064,0.0,0.024841881424731583,0.004351541236787136,1.0,86.67,38.47010078782818,58.32652262500054,58.32652262500054,visitante,0.0,4.533333333333333,4.533333333333333,-0.1,0.0,-0.1,4.76,1,0.6363636363636364
2401,37,104519,Camilo,Cuiabá,MEI,3.78,-1.5,-1.45,0.0,0.0,36.28894303515641,14.692442749310064,2.7778125,3.301526266438685,0.28833326800159303,15.0,46.67,38.47010078782818,27.780735748484545,27.780735748484545,visitante,0.0,2.9020833333333336,2.9020833333333336,1.5666666666666669,1.6,1.5833333333333337,4.49,1,0.6363636363636364
2390,37,63289,Edenílson,Internacional,MEI,17.08,-0.1,-0.78,34.6727027027027,11.179751179751179,29.251597710314044,14.692442749310064,25.0,42.555242140163095,0.2258060469177892,12.0,6.67,38.47010078782818,28.71635222718925,28.71635222718925,visitante,0.0,2.4705882352941178,2.4705882352941178,2.466666666666667,0.5000000000000001,1.4833333333333334,3.88,1,0.6363636363636364
632,37,37333,Marcelo Cabo,Atlético-GO,TEC,6.01,4.22,0.37,0.0,0.0,27.75740254219451,20.402815346100823,0.0,7.60898222988904,0.6421717205331079,9.0,73.33,19.875603854842367,31.566480766109805,19.875603854842367,mandante,3.0908333333333333,0.0,3.0908333333333333,3.615,4.574999999999998,4.094999999999999,1.85,1,0.6363636363636364
1384,37,73384,Samuel Xavier,Fluminense,LAT,8.72,4.6,0.93,0.0,0.0,34.88788905995517,15.642163302225347,1.939705882352941,5.406027145157578,0.2495918554933653,7.0,40.0,62.91995544979079,31.566480766109805,62.91995544979079,mandante,3.3270833333333334,0.0,3.3270833333333334,3.533333333333333,1.2999999999999998,2.4166666666666665,1.29,1,0.6363636363636364
1451,37,101431,Danilo Boza,Santos,ZAG,3.98,4.9,0.86,0.0,0.0,33.04691870775993,15.260295972202888,0.3366666666666667,11.981311005227369,0.6205726907038644,11.0,66.67,35.28891731984741,31.566480766109805,35.28891731984741,mandante,4.000367647058823,0.0,4.000367647058823,6.333333333333332,1.225,3.7791666666666663,1.89,1,0.6363636363636364
1449,37,86863,Luiz Otávio ,Bahia,ZAG,5.98,5.4,0.13,5.405405405405406,1.0810810810810811,29.538780313531927,15.62114532461344,3.9,5.947977175003848,0.4699518198794579,16.0,46.67,38.47010078782818,25.799595479369863,25.799595479369863,visitante,0.0,3.44156862745098,3.44156862745098,5.4,0.9,3.1500000000000004,2.45,1,0.6363636363636364
2370,37,86686,Tchê Tchê,Atlético-MG,MEI,4.54,0.5,-0.17,5.032702702702703,0.6006006006006006,25.049128419807648,14.692442749310064,3.825714285714286,1.0433590198387266,0.1075462605385192,1.0,86.67,38.47010078782818,58.32652262500054,58.32652262500054,visitante,0.0,2.505128205128205,2.505128205128205,1.9,0.5,1.2,4.76,1,0.6363636363636364
1475,37,50317,David Braz,Fluminense,ZAG,2.78,0.0,0.0,2.7027027027027017,0.6756756756756757,27.818152656644397,15.104215889277933,1.3126470588235293,2.1350931677018634,0.29632099719031524,7.0,40.0,62.91995544979079,31.566480766109805,62.91995544979079,mandante,3.452678571428572,0.0,3.452678571428572,4.4,-0.7999999999999999,1.8000000000000005,1.29,1,0.6363636363636364
2342,37,86519,Everton Felipe,Sport,MEI,4.31,6.1,0.52,4.166666666666667,0.0,33.91282163621796,15.353614538731222,4.2085,3.9233460666189446,0.390345319766721,19.0,46.67,30.667613081529073,31.566480766109805,30.667613081529073,mandante,2.334375,0.0,2.334375,3.55,4.9,4.225,2.08,1,0.6363636363636364
1472,37,89493,Igor Rabello,Atlético-MG,ZAG,5.34,0.0,0.0,0.0,0.0,28.406461057727928,15.16436323103447,0.8625714285714287,1.7289949471613182,0.2369477546234228,1.0,86.67,38.47010078782818,58.32652262500054,58.32652262500054,visitante,0.0,4.0,4.0,7.0,5.0,6.0,4.76,1,0.6363636363636364
2344,37,96340,Lima,Ceará,MEI,12.28,4.3,0.9,16.249189189189188,4.3243243243243255,38.379796379291896,14.692442749310064,10.689714285714283,9.062185563310322,0.3419719874072755,10.0,53.33,38.47010078782818,26.366632864964,26.366632864964,visitante,0.0,4.349444444444447,4.349444444444447,4.766666666666667,2.975,3.8708333333333336,1.84,1,0.6363636363636364
1469,37,78248,Gustavo Henrique,Flamengo,ZAG,5.22,0.5,-0.37,4.954864864864865,2.9279279279279278,28.30977293925557,15.246292572023275,3.8003030303030303,3.0049088190467965,0.3280246650553439,2.0,53.33,38.47010078782818,48.0024305774539,48.0024305774539,visitante,0.0,3.140625,3.140625,3.55,6.0,4.775,4.08,1,0.6363636363636364
746,37,98034,Maílson,Sport,GOL,10.53,11.0,1.09,0.0,0.0,27.51352713432476,54.725161073724365,0.0,25.619326050161558,0.7859824467996106,19.0,46.67,30.667613081529073,31.566480766109805,30.667613081529073,mandante,4.107291666666667,0.0,4.107291666666667,5.0,4.666666666666667,4.833333333333334,2.08,1,0.6363636363636364
1803,37,84342,Bobadilla,Fluminense,ATA,4.25,-0.6,-0.12,10.007837837837835,3.333333333333333,24.11784658748105,14.692442749310064,5.153823529411765,2.070393374741201,0.16169493264463788,7.0,40.0,62.91995544979079,31.566480766109805,62.91995544979079,mandante,2.0534722222222217,0.0,2.0534722222222217,0.2,-0.55,-0.17500000000000002,1.29,1,0.6363636363636364
1801,37,104282,Thiaguinho,Flamengo,ATA,1.55,-0.1,-0.45,0.0,0.0,26.270617706592873,14.692442749310064,0.0,-0.004807854110474872,-0.0013513513513513516,2.0,53.33,38.47010078782818,48.0024305774539,48.0024305774539,visitante,0.0,3.78125,3.78125,-0.1,0.0,-0.1,4.08,1,0.6363636363636364
1799,37,90917,Carlos Eduardo,Athlético-PR,ATA,4.47,0.0,0.0,2.7027027027027017,0.6756756756756757,25.727537870592602,14.692442749310064,4.666060606060606,1.4066871744137508,0.08457113299370694,14.0,33.33,38.47010078782818,30.989641261401896,30.989641261401896,visitante,0.0,2.996875,2.996875,-3.1,-0.2,-1.65,3.5030666883011516,1,0.6363636363636364
1764,37,111333,Sorriso,Juventude,ATA,6.49,9.8,1.52,10.287837837837838,1.4414414414414414,29.460118388530802,14.692442749310064,32.235,13.402986731120215,0.6730738623743732,17.0,26.67,32.67700088963372,31.566480766109805,32.67700088963372,mandante,6.213888888888889,0.0,6.213888888888889,3.7,3.466666666666667,3.583333333333333,1.85,1,0.6363636363636364
749,37,72580,Matheus Cavichioli,América-MG,GOL,9.09,9.0,0.93,2.7027027027027017,0.0,27.70777501404296,45.89563937437782,0.0,16.515961177926005,0.5427343919786745,8.0,40.0,40.47312762955017,31.566480766109805,40.47312762955017,mandante,4.555208333333333,0.0,4.555208333333333,4.0,4.875,4.4375,2.19,1,0.6363636363636364
1796,37,69102,Vargas,Atlético-MG,ATA,6.24,0.0,0.0,7.2072972972972975,1.7567567567567568,27.22942706940608,14.692442749310064,4.228285714285715,2.1513069313817548,0.17815011235241554,1.0,86.67,38.47010078782818,58.32652262500054,58.32652262500054,visitante,0.0,3.5166666666666666,3.5166666666666666,0.7,0.3,0.5,4.76,1,0.6363636363636364
750,37,81881,João Ricardo,Ceará,GOL,4.88,8.0,1.16,0.0,0.0,26.73038730097413,22.799779724802576,0.0,3.5248953746963774,0.4066925576283152,10.0,53.33,38.47010078782818,26.366632864964,26.366632864964,visitante,0.0,4.423611111111111,4.423611111111111,5.333333333333333,3.5,4.416666666666666,1.84,1,0.6363636363636364
2361,37,109573,Martinelli,Fluminense,MEI,4.62,1.1,0.1,0.0,0.0,37.292805150926135,14.692442749310064,5.4314705882352925,3.3715780998389686,0.2898332446371086,7.0,40.0,62.91995544979079,31.566480766109805,62.91995544979079,mandante,2.549107142857143,0.0,2.549107142857143,1.5,1.1,1.3,1.29,1,0.6363636363636364
1388,37,95127,Nicolas,Athlético-PR,LAT,5.21,3.9,0.6,0.0,0.0,31.20425221597778,14.989660788463588,1.2836363636363637,1.7467653924038886,0.12536388165135076,14.0,33.33,38.47010078782818,30.989641261401896,30.989641261401896,visitante,0.0,3.975446428571429,3.975446428571429,3.0,-0.2,1.4,3.5030666883011516,1,0.6363636363636364
1453,37,91866,Zé Ivaldo,Athlético-PR,ZAG,5.68,4.8,0.12,2.457027027027027,1.3513513513513509,30.064291534435394,15.201719000521797,3.0360606060606066,3.0529749115023703,0.2401523345794809,14.0,33.33,38.47010078782818,30.989641261401896,30.989641261401896,visitante,0.0,4.067708333333333,4.067708333333333,3.2999999999999994,-0.6,1.3499999999999996,3.5030666883011516,1,0.6363636363636364
1766,37,53148,Ytalo,Bragantino,ATA,15.9,9.3,1.17,27.16135135135136,8.526383526383524,28.9959911689464,14.692442749310064,25.0,21.395752276912827,0.2876818499935255,6.0,26.67,46.514132486895434,31.566480766109805,46.514132486895434,mandante,4.9067460317460325,0.0,4.9067460317460325,4.95,5.0,4.975,1.92,1,0.6363636363636364
2367,37,101573,Pepê,Cuiabá,MEI,9.14,0.7,-0.23,7.51,1.853281853281853,36.12110217465287,14.692442749310064,13.1178125,7.958333005019269,0.3103400713677653,15.0,46.67,38.47010078782818,27.780735748484545,27.780735748484545,visitante,0.0,4.297321428571428,4.297321428571428,2.266666666666667,8.4,5.333333333333334,4.49,1,0.6363636363636364
1450,37,100943,Conti,Bahia,ZAG,7.47,5.3,-0.26,0.0,0.0,34.26058113553794,15.545047748515866,1.340625,4.959089344184242,0.2679475494338473,16.0,46.67,38.47010078782818,25.799595479369863,25.799595479369863,visitante,0.0,2.9332352941176474,2.9332352941176474,6.6,0.09999999999999998,3.35,2.45,1,0.6363636363636364
2396,37,80196,Yago Pikachu,Fortaleza,MEI,16.69,-0.2,-0.42,24.534324324324327,8.513513513513512,34.91451789701404,14.692442749310064,11.305555555555555,9.798718529545011,0.2792806877964956,5.0,40.0,45.87307436698529,31.566480766109805,45.87307436698529,mandante,5.26875,0.0,5.26875,1.6,1.2999999999999998,1.45,3.02,1,0.6363636363636364
1394,37,96725,Saravia,Internacional,LAT,7.42,1.6,0.14,0.0,0.0,41.37895803430432,15.300618221837555,1.2069444444444446,5.866365102516822,0.3499875217804575,12.0,6.67,38.47010078782818,28.71635222718925,28.71635222718925,visitante,0.0,3.1669117647058824,3.1669117647058824,1.525,0.7999999999999999,1.1625,3.88,1,0.5454545454545454
1387,37,106930,Igor,Ceará,LAT,5.1,3.9,0.83,6.25,0.0,31.78951641491993,16.86451315199444,1.0373333333333332,4.4609954304538135,0.4647186141302336,10.0,53.33,38.47010078782818,26.366632864964,26.366632864964,visitante,0.0,2.1277777777777778,2.1277777777777778,3.6333333333333333,1.3333333333333337,2.4833333333333334,1.84,1,0.5454545454545454
641,37,104754,Juan Vojvoda,Fortaleza,TEC,9.99,0.04,-0.36,0.0,0.0,26.270617706592873,14.692442749310064,0.0,8.336030030418742,0.38352402831639865,5.0,40.0,45.87307436698529,31.566480766109805,45.87307436698529,mandante,4.673970588235294,0.0,4.673970588235294,2.8433333333333337,0.5033333333333333,1.6733333333333336,3.02,1,0.5454545454545454
1480,37,82764,Rafael Forster,Juventude,ZAG,3.13,-1.3,-0.01,0.0,0.0,30.51464245572719,15.252406022380333,1.4730303030303031,3.535336408030386,0.3672011556418263,17.0,26.67,32.67700088963372,31.566480766109805,32.67700088963372,mandante,3.2459401709401714,0.0,3.2459401709401714,4.2,1.6,2.9000000000000004,1.85,1,0.5454545454545454
1397,37,90444,Moisés,Internacional,LAT,4.27,0.1,-0.39,5.405405405405406,0.0,31.404052518548752,15.440731791005176,4.301388888888889,3.1420071578649784,0.3291239510208378,12.0,6.67,38.47010078782818,28.71635222718925,28.71635222718925,visitante,0.0,2.6144117647058818,2.6144117647058818,0.05000000000000002,2.1,1.075,3.88,1,0.5454545454545454
634,37,106047,Sylvinho,Corinthians,TEC,8.83,3.37,-0.24,0.0,0.0,26.270617706592873,14.692442749310064,0.0,8.33423413685007,0.4710607198839253,4.0,46.67,38.47010078782818,34.00879606206684,34.00879606206684,visitante,0.0,3.2598202614379086,3.2598202614379086,5.0150000000000015,2.0500000000000003,3.5325000000000006,4.48,1,0.5454545454545454
1409,37,93716,Paulo Henrique,Juventude,LAT,2.01,0.0,0.0,5.032702702702703,0.0,30.873002857758518,14.812493905997627,0.7806060606060606,3.119913185024417,0.8042521560696966,17.0,26.67,32.67700088963372,31.566480766109805,32.67700088963372,mandante,3.6743055555555553,0.0,3.6743055555555553,4.1000000000000005,2.85,3.4750000000000005,1.85,1,0.5454545454545454
629,37,70323,Jorginho,Cuiabá,TEC,5.29,4.99,0.51,0.0,0.0,26.27158207788839,15.431571852916115,0.0,8.859780250952017,0.7587466483111024,15.0,46.67,38.47010078782818,27.780735748484545,27.780735748484545,visitante,0.0,3.8968269230769232,3.8968269230769232,4.066666666666666,3.65,3.858333333333333,4.49,1,0.5454545454545454
763,37,78584,Douglas Friedrich,Juventude,GOL,5.09,0.0,-0.17,0.0,0.0,26.59690015529186,20.47588447968898,0.0,3.6073996201844816,0.18279233096301747,17.0,26.67,32.67700088963372,31.566480766109805,32.67700088963372,mandante,3.9305555555555554,0.0,3.9305555555555554,2.5,3.333333333333333,2.9166666666666665,1.85,1,0.5454545454545454
1476,37,97867,Léo Ortiz,Bragantino,ZAG,7.56,0.0,0.0,5.032702702702703,0.0,34.40568838515098,15.114075679748911,0.9784375,3.953562920733893,0.22070058883374927,6.0,26.67,46.514132486895434,31.566480766109805,46.514132486895434,mandante,3.468055555555555,0.0,3.468055555555555,2.3000000000000003,0.0,2.3000000000000003,1.92,1,0.5454545454545454
1448,37,113159,Michel,Palmeiras,ZAG,1.91,5.5,-0.33,2.7027027027027017,0.0,27.33731633426711,14.779626707461764,0.0,0.755094109155516,0.2852799227799227,3.0,33.33,46.83480922654904,31.566480766109805,46.83480922654904,mandante,0.0,0.0,0.0,0.0,0.0,3.237875225971678,3.95,1,0.5454545454545454
1452,37,115141,Lucas Freitas,Palmeiras,ZAG,2.27,4.9,1.47,0.0,0.0,27.740822862774078,11.89149560117302,0.0,3.355356911517036,2.0416666666666665,3.0,33.33,46.83480922654904,31.566480766109805,46.83480922654904,mandante,0.0,0.0,0.0,0.0,0.0,3.237875225971678,3.95,1,0.5454545454545454
1456,37,104250,João Victor,Corinthians,ZAG,8.68,3.1,-0.25,0.0,0.0,42.85211191025234,15.811474284164213,5.373611111111113,8.16445916816624,0.4769625684149523,4.0,46.67,38.47010078782818,34.00879606206684,34.00879606206684,visitante,0.0,3.4,3.4,3.725,2.8666666666666667,3.2958333333333334,4.48,1,0.5454545454545454
752,37,69051,Danilo Fernandes,Bahia,GOL,3.69,6.5,0.39,0.0,0.0,26.95492602182936,24.83517637034069,0.0,6.524760584694513,0.6222030214541489,16.0,46.67,38.47010078782818,25.799595479369863,25.799595479369863,visitante,0.0,4.004901960784314,4.004901960784314,5.75,0.5,3.125,2.45,1,0.5454545454545454
1459,37,103700,Bruno Méndez,Internacional,ZAG,6.2,2.1,0.08,0.0,0.0,37.60636906960579,16.028891166672143,0.9692857142857144,6.656685921366293,0.3808528467442318,12.0,6.67,38.47010078782818,28.71635222718925,28.71635222718925,visitante,0.0,2.8335784313725494,2.8335784313725494,1.2666666666666666,-0.1,0.5833333333333333,3.88,1,0.5454545454545454
1463,37,94514,Oliveira,Atlético-GO,ZAG,4.22,1.8,-0.52,2.7027027027027017,0.9009009009009008,29.395769069153147,14.988860749031133,1.7709375,2.877567777267214,0.2742080394306685,9.0,73.33,19.875603854842367,31.566480766109805,19.875603854842367,mandante,2.6222222222222227,0.0,2.6222222222222227,5.4,-0.15000000000000002,2.625,1.85,1,0.5454545454545454
748,37,85083,Vinicius Silvestre,Palmeiras,GOL,3.7,10.0,0.92,0.0,0.0,26.33653728470757,19.328383675573573,0.0,0.8328243850979957,0.15675041821525515,3.0,33.33,46.83480922654904,31.566480766109805,46.83480922654904,mandante,0.0,0.0,0.0,0.0,0.0,3.237875225971678,3.95,1,0.5454545454545454
1447,37,79035,Luiz Felipe,Santos,ZAG,6.53,5.6,1.66,2.7027027027027017,0.0,30.76416856074049,15.634643721531718,1.227647058823529,4.183949874841304,0.3080446805376981,11.0,66.67,35.28891731984741,31.566480766109805,35.28891731984741,mandante,4.225935828877005,0.0,4.225935828877005,5.433333333333334,1.675,3.5541666666666667,1.89,1,0.5454545454545454
1761,37,95799,Artur,Bragantino,ATA,18.05,17.5,0.66,33.1872972972973,12.097812097812096,29.99738074969227,14.692442749310064,16.203125000000004,11.272822380197127,0.3325863638931169,6.0,26.67,46.514132486895434,31.566480766109805,46.514132486895434,mandante,5.783888888888887,0.0,5.783888888888887,10.6,8.5,9.55,1.92,1,0.5454545454545454
1385,37,42491,Márcio Azevedo,Athlético-PR,LAT,4.1,4.4,0.71,0.0,0.0,27.524941571138157,14.779626707461764,0.0,0.8888407970196777,0.08787650223705007,14.0,33.33,38.47010078782818,30.989641261401896,30.989641261401896,visitante,0.0,3.034375,3.034375,1.9,0.0,1.9,3.5030666883011516,1,0.5454545454545454
2383,37,103099,Éderson,Fortaleza,MEI,13.41,0.0,0.0,8.865945945945947,1.0810810810810811,46.41719412175269,14.692442749310064,11.494444444444444,10.665976312212804,0.40152184672285385,5.0,40.0,45.87307436698529,31.566480766109805,45.87307436698529,mandante,5.602499999999999,0.0,5.602499999999999,7.3,3.0,5.15,3.02,1,0.5454545454545454
2360,37,78865,Rodrigo Dourado,Internacional,MEI,7.13,1.3,-0.68,10.085675675675674,1.981981981981982,41.39511334347979,14.692442749310064,2.9894444444444446,5.474417379347568,0.3386929051390382,12.0,6.67,38.47010078782818,28.71635222718925,28.71635222718925,visitante,0.0,2.5794117647058816,2.5794117647058816,-0.06666666666666665,2.733333333333333,1.333333333333333,3.88,1,0.5454545454545454
2358,37,93790,Marlon Freitas,Atlético-GO,MEI,4.01,1.5,0.05,7.48972972972973,1.8918918918918919,32.739590405852994,14.692442749310064,4.4628125,2.9227651769101546,0.2747613530809497,9.0,73.33,19.875603854842367,31.566480766109805,19.875603854842367,mandante,2.056060606060606,0.0,2.056060606060606,2.0,1.2666666666666666,1.6333333333333333,1.85,1,0.5454545454545454
2355,37,107498,André,Fluminense,MEI,4.35,1.8,-0.62,5.405405405405406,0.6756756756756757,37.76468548426204,14.692442749310064,3.9161764705882365,4.866862203818727,0.5149554420130839,7.0,40.0,62.91995544979079,31.566480766109805,62.91995544979079,mandante,2.9630681818181817,0.0,2.9630681818181817,2.6,4.366666666666667,3.4833333333333334,1.29,1,0.5454545454545454
2352,37,72362,Rodrigo Lindoso,Internacional,MEI,7.45,2.5,-0.12,5.052972972972972,1.7567567567567568,33.73529710113246,14.692442749310064,2.9286111111111115,3.1034549227991515,0.1897237558968196,12.0,6.67,38.47010078782818,28.71635222718925,28.71635222718925,visitante,0.0,1.8694117647058823,1.8694117647058823,2.3666666666666667,1.7,2.033333333333333,3.88,1,0.5454545454545454
2343,37,108683,Emiliano Martínez,Bragantino,MEI,3.29,4.5,0.48,0.0,0.0,31.764474549058857,15.956565121837821,0.8926666666666667,1.6408578135072032,0.2443224840825952,6.0,26.67,46.514132486895434,31.566480766109805,46.514132486895434,mandante,2.9763888888888888,0.0,2.9763888888888888,1.9,1.3333333333333333,1.6166666666666667,1.92,1,0.5454545454545454
2341,37,84428,Fernando Sobral,Ceará,MEI,12.63,6.5,0.12,1.9305405405405407,0.0,49.546642449141466,14.692442749310064,6.833142857142856,7.120288656886682,0.2437480877338477,10.0,53.33,38.47010078782818,26.366632864964,26.366632864964,visitante,0.0,3.1478758169934635,3.1478758169934635,1.0,2.225,1.6125,1.84,1,0.5454545454545454
2340,37,105294,Patrick de Lucca,Bahia,MEI,3.84,6.6,0.99,5.052972972972972,1.0810810810810811,33.81927076745942,14.692442749310064,3.08,2.842136876725976,0.4551905460633352,16.0,46.67,38.47010078782818,25.799595479369863,25.799595479369863,visitante,0.0,2.6775210084033616,2.6775210084033616,3.8,2.5,3.15,2.45,1,0.5454545454545454
2338,37,82407,Chico,Juventude,MEI,5.58,8.9,1.7,2.7027027027027017,0.0,28.35457878289196,14.692442749310064,3.7593939393939393,2.840138361367337,0.20545394599260505,17.0,26.67,32.67700088963372,31.566480766109805,32.67700088963372,mandante,2.3172222222222216,0.0,2.3172222222222216,-1.1,4.15,1.525,1.85,1,0.5454545454545454
2337,37,42135,Willian,Corinthians,MEI,12.21,10.2,1.53,9.0325,0.0,28.851612767891652,15.627486865745931,2.984736842105264,2.7996973300183763,0.10737698596985076,4.0,46.67,38.47010078782818,34.00879606206684,34.00879606206684,visitante,0.0,3.611764705882353,3.611764705882353,3.533333333333333,6.6,5.066666666666666,4.48,1,0.5454545454545454
2336,37,38398,Renato Augusto,Corinthians,MEI,12.73,11.1,1.2,13.7996,9.40952380952381,32.417291913523876,15.513663505569069,36.36,26.11482383462519,0.2906070598081127,4.0,46.67,38.47010078782818,34.00879606206684,34.00879606206684,visitante,0.0,2.6930147058823533,2.6930147058823533,7.6999999999999975,1.5,4.6,4.48,1,0.5454545454545454
1802,37,103766,Gabriel Silva,Palmeiras,ATA,1.75,-0.1,-1.62,2.457027027027027,0.9009009009009008,25.97497838656331,14.692442749310064,0.5555555555555556,0.5496640941646771,0.13433314620258238,3.0,33.33,46.83480922654904,31.566480766109805,46.83480922654904,mandante,0.0,0.0,0.0,0.0,0.0,3.237875225971678,3.95,1,0.5454545454545454
1795,37,114335,Jader,Athlético-PR,ATA,1.69,0.0,-0.16,0.0,0.0,26.816500524241,15.190540486578307,4.361578947368423,1.1711351619530497,0.27713406868520074,14.0,33.33,38.47010078782818,30.989641261401896,30.989641261401896,visitante,0.0,2.8552083333333336,2.8552083333333336,-0.15,0.3,0.075,3.5030666883011516,1,0.5454545454545454
1791,37,111759,Giovani,Palmeiras,ATA,1.09,0.7,-1.29,2.457027027027027,0.9009009009009008,26.10681754279271,14.692442749310064,0.5555555555555556,0.5330076064627173,0.24848966613672505,3.0,33.33,46.83480922654904,31.566480766109805,46.83480922654904,mandante,0.0,0.0,0.0,0.0,0.0,3.237875225971678,3.95,1,0.5454545454545454
1782,37,101314,Ademir,América-MG,ATA,8.87,2.2,-1.63,22.56216216216217,13.114543114543116,28.673054973972487,14.692442749310064,16.665,13.212768942340805,0.5657454041996126,8.0,40.0,40.47312762955017,31.566480766109805,40.47312762955017,mandante,5.5302083333333325,0.0,5.5302083333333325,10.4,6.275,8.3375,2.19,1,0.5454545454545454
1781,37,110916,Ronald,Atlético-GO,ATA,3.3,2.2,0.22,0.0,0.0,32.140427314624205,14.692442749310064,5.105625,3.080956075660448,0.4310089989154759,9.0,73.33,19.875603854842367,31.566480766109805,19.875603854842367,mandante,2.455555555555556,0.0,2.455555555555556,2.85,2.2,2.5250000000000004,1.85,1,0.5454545454545454
1776,37,71695,Montenegro,Atlético-GO,ATA,3.93,5.0,0.95,4.3478260869565215,1.0869565217391304,26.372617346361885,15.381776807678616,3.8515789473684214,2.0843206617947367,0.2292223015790019,9.0,73.33,19.875603854842367,31.566480766109805,19.875603854842367,mandante,1.5666666666666669,0.0,1.5666666666666669,-0.3,1.5,0.6,1.85,1,0.5454545454545454
1772,37,98909,Cuello,Bragantino,ATA,8.37,7.0,0.76,8.81081081081081,1.8018018018018016,34.27927056605957,14.692442749310064,25.0,24.88419014814861,0.4312642799856269,6.0,26.67,46.514132486895434,31.566480766109805,46.514132486895434,mandante,4.029273504273505,0.0,4.029273504273505,1.9,5.7,3.8,1.92,1,0.5454545454545454
1771,37,38588,Elton,Cuiabá,ATA,10.22,8.4,1.17,19.66189189189189,8.918918918918918,26.15832448095384,14.692442749310064,11.07875,6.413943629787804,0.2431892763550212,15.0,46.67,38.47010078782818,27.780735748484545,27.780735748484545,visitante,0.0,3.0596590909090917,3.0596590909090917,5.233333333333333,-0.5,2.3666666666666667,4.49,1,0.5454545454545454
1765,37,97245,Janderson,Atlético-GO,ATA,5.74,9.7,1.44,5.177027027027028,2.342342342342342,30.040988050706066,14.692442749310064,9.06375,4.903917861259049,0.4580105807460255,9.0,73.33,19.875603854842367,31.566480766109805,19.875603854842367,mandante,2.6761904761904765,0.0,2.6761904761904765,1.6,3.233333333333333,2.4166666666666665,1.85,1,0.5454545454545454
2378,37,109326,Vitinho,Palmeiras,MEI,1.0,0.0,0.0,0.0,0.0,28.270509977827054,8.724340175953081,0.0,0.0,0.0,3.0,33.33,46.83480922654904,31.566480766109805,46.83480922654904,mandante,0.0,0.0,0.0,0.0,0.0,3.237875225971678,3.95,1,0.5454545454545454
1379,37,107236,Vanderlan,Palmeiras,LAT,1.92,6.5,1.03,0.0,0.0,27.10959415532542,14.779626707461764,0.0,0.388651379712398,0.21090191314910411,3.0,33.33,46.83480922654904,31.566480766109805,46.83480922654904,mandante,0.0,0.0,0.0,0.0,0.0,3.237875225971678,3.95,1,0.5454545454545454
2400,37,111760,Fabinho,Palmeiras,MEI,0.78,-0.7,-0.55,0.0,0.0,26.516317952293118,14.692442749310064,0.5555555555555556,0.12769973904835932,0.06685633001422475,3.0,33.33,46.83480922654904,31.566480766109805,46.83480922654904,mandante,0.0,0.0,0.0,0.0,0.0,3.237875225971678,3.95,1,0.5454545454545454
1376,37,106082,Ewerthon,Sport,LAT,4.76,8.3,1.56,3.333333333333333,0.0,34.24076275208365,15.457884673703234,1.4396296296296296,4.896137867364208,0.5659540579152949,19.0,46.67,30.667613081529073,31.566480766109805,30.667613081529073,mandante,4.276339285714286,0.0,4.276339285714286,5.6999999999999975,2.2,3.9499999999999993,2.08,1,0.5454545454545454
2398,37,115246,Naves,Palmeiras,MEI,0.78,-0.4,-0.22,0.0,0.0,29.268292682926827,12.903225806451616,0.0,-0.8217200599633557,-0.4,3.0,33.33,46.83480922654904,31.566480766109805,46.83480922654904,mandante,0.0,0.0,0.0,0.0,0.0,3.237875225971678,3.95,1,0.5454545454545454
2395,37,100002,Rickson,Atlético-GO,MEI,1.47,-0.2,-0.07,0.0,0.0,25.967451399703346,15.627486865745931,0.625,0.09755105422934668,0.02050260861425056,9.0,73.33,19.875603854842367,31.566480766109805,19.875603854842367,mandante,1.4666666666666668,0.0,1.4666666666666668,0.0,0.0,3.237875225971678,1.85,1,0.5454545454545454
2348,37,61033,Rodriguinho,Bahia,MEI,5.95,2.7,-0.01,7.836486486486487,4.45945945945946,25.828808591694173,14.692442749310064,9.149375,4.3657566456924775,0.29466180202101844,16.0,46.67,38.47010078782818,25.799595479369863,25.799595479369863,visitante,0.0,3.459663865546218,3.459663865546218,2.9000000000000004,0.8,1.85,2.45,1,0.45454545454545453
764,37,37788,Marcelo Boeck,Fortaleza,GOL,3.79,-1.0,-0.42,0.0,0.0,26.70669929068807,27.132591654739556,0.0,3.624360882790758,0.40617646916972094,5.0,40.0,45.87307436698529,31.566480766109805,45.87307436698529,mandante,5.0625,0.0,5.0625,2.0,-0.3333333333333333,0.8333333333333334,3.02,1,0.45454545454545453
2389,37,93791,Daniel,Bahia,MEI,5.19,0.0,0.0,4.391891891891892,0.0,31.37349123367167,14.692442749310064,2.3853125,2.322055128665294,0.16404865595430534,16.0,46.67,38.47010078782818,25.799595479369863,25.799595479369863,visitante,0.0,3.097326203208556,3.097326203208556,-0.6,1.85,0.625,2.45,1,0.45454545454545453
1466,37,103523,Ignácio,Chapecoense,ZAG,5.48,0.8,-0.29,8.108108108108109,1.4414414414414414,34.96116722818729,14.800550857418173,2.4255882352941183,7.273909421541338,0.4496449447857048,20.0,0.0,38.47010078782818,12.719652045288866,12.719652045288866,visitante,0.0,3.0154411764705884,3.0154411764705884,1.2999999999999998,0.0,1.2999999999999998,10.5,1,0.45454545454545453
1382,37,71602,João Paulo,América-MG,LAT,6.34,5.0,0.7,5.405405405405406,0.6756756756756757,28.48818647842193,15.223379023884164,1.4558823529411764,3.296638282736818,0.2561962297806304,8.0,40.0,40.47312762955017,31.566480766109805,40.47312762955017,mandante,4.140625,0.0,4.140625,0.0,0.0,3.237875225971678,2.19,1,0.45454545454545453
2347,37,114645,Marquinho,Chapecoense,MEI,1.51,3.2,0.49,0.0,0.0,28.39753626367013,15.886891810975726,2.9061538461538463,1.1511520409614568,0.3156395706665672,20.0,0.0,38.47010078782818,12.719652045288866,12.719652045288866,visitante,0.0,1.8779411764705882,1.8779411764705882,1.4,0.8,1.1,10.5,1,0.45454545454545453
1783,37,87679,Tréllez,Sport,ATA,2.41,1.9,0.2,2.7027027027027017,0.5405405405405406,26.553923609839806,14.692442749310064,3.9838235294117634,1.1463302046468686,0.20500453075080732,19.0,46.67,30.667613081529073,31.566480766109805,30.667613081529073,mandante,1.8691964285714289,0.0,1.8691964285714289,-0.6000000000000001,0.8999999999999999,0.1499999999999999,2.08,1,0.45454545454545453
2345,37,98419,Ronei,Chapecoense,MEI,3.2,4.1,0.66,0.0,0.0,28.146632088915077,14.692442749310064,0.9920588235294115,0.9143182233781012,0.11378141659541101,20.0,0.0,38.47010078782818,12.719652045288866,12.719652045288866,visitante,0.0,1.3029411764705885,1.3029411764705885,2.2,0.0,2.2,10.5,1,0.45454545454545453
1785,37,84817,Robson,Fortaleza,ATA,11.81,1.6,-0.38,25.964324324324327,13.498498498498499,24.386623560308625,14.692442749310064,37.5,7.702845554764527,0.28487509600035105,5.0,40.0,45.87307436698529,31.566480766109805,45.87307436698529,mandante,4.671323529411763,0.0,4.671323529411763,5.1000000000000005,1.6,3.3500000000000005,3.02,1,0.45454545454545453
1786,37,72389,Mike,Chapecoense,ATA,3.45,1.5,0.24,15.724864864864864,3.6936936936936933,27.23447284205652,14.692442749310064,7.96,8.22886401040291,0.9712463774846116,20.0,0.0,38.47010078782818,12.719652045288866,12.719652045288866,visitante,0.0,3.269607843137255,3.269607843137255,0.06666666666666672,5.3,2.683333333333333,10.5,1,0.45454545454545453
1787,37,94286,Perotti,Chapecoense,ATA,5.25,1.4,-0.02,7.657567567567567,2.5675675675675675,24.66674795102292,14.692442749310064,7.090882352941176,4.297295649877075,0.2151378893297943,20.0,0.0,38.47010078782818,12.719652045288866,12.719652045288866,visitante,0.0,2.443850267379679,2.443850267379679,1.4,0.0,1.4,10.5,1,0.45454545454545453
1401,37,50346,Guilherme Santos,Juventude,LAT,5.59,0.0,0.0,6.25,0.0,27.979281690499405,15.886891810975726,0.0,0.9606662032013024,0.0598800505050505,17.0,26.67,32.67700088963372,31.566480766109805,32.67700088963372,mandante,0.0,0.0,0.0,0.0,0.0,3.237875225971678,1.85,1,0.45454545454545453
1792,37,114648,Raí Nascimento,Bahia,ATA,4.68,0.5,-0.26,11.685,3.333333333333333,27.76995065508337,15.886891810975726,15.962727272727273,5.522206025623182,0.5758046501187335,16.0,46.67,38.47010078782818,25.799595479369863,25.799595479369863,visitante,0.0,4.128235294117648,4.128235294117648,1.15,4.8,2.975,2.45,1,0.45454545454545453
760,37,68872,Marcelo Lomba,Internacional,GOL,5.95,0.0,-0.44,0.0,0.0,26.33818527416044,23.35824054712323,0.0,1.6839830455837352,0.10505896407577098,12.0,6.67,38.47010078782818,28.71635222718925,28.71635222718925,visitante,0.0,1.9460784313725488,1.9460784313725488,2.0,1.0,1.5,3.88,1,0.45454545454545453
1789,37,70523,Zárate,América-MG,ATA,5.87,1.2,0.22,12.0465,5.0,22.350025577324907,15.627486865745931,32.735,21.23480722876201,0.17740648516046514,8.0,40.0,40.47312762955017,31.566480766109805,40.47312762955017,mandante,2.371875,0.0,2.371875,-1.6,-0.04999999999999999,-0.8250000000000001,2.19,1,0.45454545454545453
758,37,42234,Cássio,Corinthians,GOL,11.97,1.0,-1.27,0.0,0.0,27.320437663964057,48.83824818939136,0.0,8.626518383810122,0.30733223110741,4.0,46.67,38.47010078782818,34.00879606206684,34.00879606206684,visitante,0.0,3.5588235294117645,3.5588235294117645,4.125,0.3333333333333333,2.2291666666666665,4.48,1,0.45454545454545453
1805,37,90309,David,Fortaleza,ATA,7.71,-1.3,-0.71,15.764594594594591,2.9279279279279278,28.770287400603827,14.692442749310064,8.508055555555554,4.892887191767524,0.2607692694580154,5.0,40.0,45.87307436698529,31.566480766109805,45.87307436698529,mandante,4.205357142857142,0.0,4.205357142857142,1.6,0.35,0.975,3.02,1,0.45454545454545453
1804,37,97080,Yony González,Ceará,ATA,1.1,-1.3,-0.85,5.1597297297297295,2.477477477477477,25.17886646522081,14.692442749310064,2.6405714285714295,1.1215576192215746,0.5144831093009476,10.0,53.33,38.47010078782818,26.366632864964,26.366632864964,visitante,0.0,2.478968253968254,2.478968253968254,4.0,2.675,3.3375,1.84,1,0.45454545454545453
1798,37,101422,Bruno Silva,Chapecoense,ATA,1.9,0.0,0.0,1.9305405405405407,0.0,29.03303951391457,14.692442749310064,7.911470588235295,3.433772883353313,0.675052179476199,20.0,0.0,38.47010078782818,12.719652045288866,12.719652045288866,visitante,0.0,2.158496732026144,2.158496732026144,4.95,0.4,2.6750000000000003,10.5,1,0.45454545454545453
757,37,72018,Tiago Volpi,São Paulo,GOL,14.83,1.0,-1.56,0.0,0.0,27.173297176016607,41.33174197699079,0.0,20.394824911609298,0.2359901847724685,13.0,66.67,38.47010078782818,25.650587805777537,25.650587805777537,visitante,0.0,4.015756302521008,4.015756302521008,3.0,5.75,4.375,3.49,1,0.45454545454545453
756,37,112616,Gabriel Chapecó,Grêmio,GOL,4.41,1.0,-0.28,0.0,0.0,26.91557910509253,29.35912777164591,0.0,6.550163344178588,0.9600132999271144,18.0,53.33,15.655393612007352,31.566480766109805,15.655393612007352,mandante,4.0702614379084965,0.0,4.0702614379084965,0.0,0.0,3.237875225971678,1.65,1,0.45454545454545453
1464,37,80779,Joílson,Chapecoense,ZAG,2.58,1.5,0.08,0.0,0.0,26.82107096564691,14.776902208769526,0.5391176470588235,0.8025682182985555,0.09642657071762244,20.0,0.0,38.47010078782818,12.719652045288866,12.719652045288866,visitante,0.0,1.9529411764705884,1.9529411764705884,1.2,0.0,1.2,10.5,1,0.45454545454545453
2354,37,70925,Wescley,Juventude,MEI,5.74,2.0,0.27,2.7027027027027017,0.6756756756756757,25.392072602116514,14.692442749310064,6.143333333333333,2.255154639175258,0.15917467003613975,17.0,26.67,32.67700088963372,31.566480766109805,32.67700088963372,mandante,2.7180555555555554,0.0,2.7180555555555554,0.0,1.15,1.15,1.85,1,0.45454545454545453
626,37,97094,Gustavo Florentín,Sport,TEC,9.11,5.94,0.68,0.0,0.0,26.536384043364148,15.627486865745931,0.0,8.875673180489306,0.4016220515752013,19.0,46.67,30.667613081529073,31.566480766109805,30.667613081529073,mandante,3.92625,0.0,3.92625,4.765,3.293333333333333,4.029166666666667,2.08,1,0.45454545454545453
2369,37,87262,Willian Maranhão,Atlético-GO,MEI,3.45,0.5,-0.12,0.0,0.0,35.988407121660835,14.692442749310064,2.9406250000000003,2.109211983337225,0.22391760836592087,9.0,73.33,19.875603854842367,31.566480766109805,19.875603854842367,mandante,1.8066666666666664,0.0,1.8066666666666664,-0.04999999999999993,0.6,0.275,1.85,1,0.45454545454545453
1411,37,38144,Rafinha,Grêmio,LAT,8.78,-0.2,-0.16,7.585135135135133,0.0,32.65926992021493,15.164764296900428,0.5896666666666667,5.662154622350353,0.20446630485089007,18.0,53.33,15.655393612007352,31.566480766109805,15.655393612007352,mandante,3.7147058823529417,0.0,3.7147058823529417,3.8,0.30000000000000004,2.05,1.65,1,0.45454545454545453
1408,37,80318,Ezequiel ,Chapecoense,LAT,1.36,0.0,0.0,0.0,0.0,27.735306023427448,14.692442749310064,0.0,-0.03047727411260337,-0.006662510618296282,20.0,0.0,38.47010078782818,12.719652045288866,12.719652045288866,visitante,0.0,1.4362745098039216,1.4362745098039216,-0.4,-0.6,-0.5,10.5,1,0.45454545454545453
2382,37,87929,Matheus Vargas,Fortaleza,MEI,7.11,0.0,0.0,4.341891891891892,1.3513513513513509,28.23822797142785,14.692442749310064,7.481944444444445,4.465730373438612,0.2657764214235905,5.0,40.0,45.87307436698529,31.566480766109805,45.87307436698529,mandante,3.5758333333333336,0.0,3.5758333333333336,1.7666666666666666,1.15,1.4583333333333333,3.02,1,0.45454545454545453
2381,37,81121,Lucas Mugni,Bahia,MEI,5.75,0.0,0.0,0.0,0.0,41.5350027045393,15.466434689420804,3.996666666666667,3.648460800317345,0.22709500049863465,16.0,46.67,38.47010078782818,25.799595479369863,25.799595479369863,visitante,0.0,3.3882352941176475,3.3882352941176475,1.3,3.3,2.3,2.45,1,0.45454545454545453
2380,37,114444,Juninho,Athlético-PR,MEI,0.77,0.0,0.0,0.0,0.0,26.393195522263714,15.956565121837821,0.0,0.015051308690951063,0.006835269993164732,14.0,33.33,38.47010078782818,30.989641261401896,30.989641261401896,visitante,0.0,5.09375,5.09375,0.1,0.0,0.1,3.5030666883011516,1,0.45454545454545453
1767,37,68911,Diego Souza,Grêmio,ATA,12.45,9.1,1.38,16.994054054054054,9.305019305019307,24.27338397018561,14.692442749310064,9.619666666666664,6.119347231608452,0.15739360999350432,18.0,53.33,15.655393612007352,31.566480766109805,15.655393612007352,mandante,3.1075630252100837,0.0,3.1075630252100837,6.8,3.733333333333333,5.266666666666667,1.65,1,0.45454545454545453
1407,37,42500,Fagner,Corinthians,LAT,12.15,0.0,0.0,0.0,0.0,47.9612793308491,15.727014824704751,4.101470588235294,7.851252056330045,0.2838002243154231,4.0,46.67,38.47010078782818,34.00879606206684,34.00879606206684,visitante,0.0,3.579621848739496,3.579621848739496,4.166666666666667,1.633333333333333,2.9,4.48,1,0.45454545454545453
2377,37,38648,Hernanes,Sport,MEI,4.35,0.0,0.0,0.0,0.0,28.22042683352857,14.566880775768812,11.0585,2.78470935327843,0.1409750580389118,19.0,46.67,30.667613081529073,31.566480766109805,30.667613081529073,mandante,2.383482142857143,0.0,2.383482142857143,3.55,0.8999999999999999,2.225,2.08,1,0.45454545454545453
2375,37,109495,Paulinho,Chapecoense,MEI,1.0,0.0,0.0,0.0,0.0,29.268292682926827,12.903225806451616,0.0,0.0,0.0,20.0,0.0,38.47010078782818,12.719652045288866,12.719652045288866,visitante,0.0,0.0,0.0,0.0,0.0,3.237875225971678,10.5,1,0.45454545454545453
1768,37,101290,Ferreira,Grêmio,ATA,11.18,9.0,0.76,10.671351351351351,3.8610038610038613,31.81801549303688,14.692442749310064,25.0,18.358041694825364,0.32288759510027504,18.0,53.33,15.655393612007352,31.566480766109805,15.655393612007352,mandante,3.7010695187165767,0.0,3.7010695187165767,14.8,8.4,11.6,1.65,1,0.45454545454545453
2371,37,80129,Jadson,Juventude,MEI,3.24,0.4,0.04,0.0,0.0,30.695797552247768,15.513015449818475,1.6042307692307691,1.9344026948815345,0.17939955447075853,17.0,26.67,32.67700088963372,31.566480766109805,32.67700088963372,mandante,2.3083333333333336,0.0,2.3083333333333336,1.9,1.3333333333333333,1.6166666666666667,1.85,1,0.45454545454545453
1769,37,89840,Calleri,São Paulo,ATA,9.91,8.6,-0.13,21.249000000000002,14.166666666666664,25.67092633034546,15.627486865745931,20.0,7.789903048945508,0.2603883707683355,13.0,66.67,38.47010078782818,25.650587805777537,25.650587805777537,visitante,0.0,3.2431372549019617,3.2431372549019617,9.25,0.6,4.925,3.49,1,0.45454545454545453
1377,37,107225,Gustavo Garcia,Palmeiras,LAT,2.09,7.6,1.29,0.0,0.0,27.10959415532542,14.779626707461764,0.9258333333333332,0.3830992171450779,0.2378378378378379,3.0,33.33,46.83480922654904,31.566480766109805,46.83480922654904,mandante,0.0,0.0,0.0,0.0,0.0,3.237875225971678,3.95,1,0.45454545454545453
1454,37,72359,Luiz Otávio,Ceará,ZAG,7.23,4.1,0.43,0.0,0.0,32.81646525837089,15.370244124796793,1.9637142857142853,4.43495927143617,0.2751112344814933,10.0,53.33,38.47010078782818,26.366632864964,26.366632864964,visitante,0.0,3.161111111111111,3.161111111111111,2.1,4.15,3.125,1.84,1,0.45454545454545453
1777,37,60825,Felipe Azevedo,América-MG,ATA,7.75,4.3,0.27,14.332432432432432,6.402831402831402,31.94343910756825,14.692442749310064,10.98,6.559196010662043,0.40021586924672975,8.0,40.0,40.47312762955017,31.566480766109805,40.47312762955017,mandante,3.577757352941177,0.0,3.577757352941177,6.3,3.3500000000000005,4.825,2.19,1,0.45454545454545453
2363,37,82381,Juninho,América-MG,MEI,6.26,1.0,-0.27,9.796486486486486,2.6383526383526386,39.69365823458961,14.692442749310064,4.6448484848484854,6.073828988290337,0.4605372846930186,8.0,40.0,40.47312762955017,31.566480766109805,40.47312762955017,mandante,3.584375,0.0,3.584375,8.399999999999999,0.775,4.5875,2.19,1,0.45454545454545453
631,37,81031,Marquinhos Santos,América-MG,TEC,7.66,4.45,0.09,0.0,0.0,26.270617706592873,14.692442749310064,0.0,9.161639607698099,0.4849496323528593,8.0,40.0,40.47312762955017,31.566480766109805,40.47312762955017,mandante,3.801805555555555,0.0,3.801805555555555,5.315,3.29,4.3025,2.19,1,0.45454545454545453
1778,37,90031,Mendoza,Ceará,ATA,7.03,3.7,0.23,2.33,0.0,31.58785495901561,14.692442749310064,9.499714285714283,4.261918953041984,0.2702795788745095,10.0,53.33,38.47010078782818,26.366632864964,26.366632864964,visitante,0.0,3.219444444444445,3.219444444444445,4.466666666666666,6.533333333333332,5.499999999999999,1.84,1,0.45454545454545453
1779,37,102299,Mikael,Sport,ATA,5.14,3.1,-0.14,15.571891891891893,9.954954954954957,26.410404532971548,14.692442749310064,14.7,8.049528987365576,0.6970853658073052,19.0,46.67,30.667613081529073,31.566480766109805,30.667613081529073,mandante,3.7944711538461537,0.0,3.7944711538461537,8.35,7.0,7.675,2.08,1,0.45454545454545453
753,37,111281,João Paulo,Chapecoense,GOL,4.33,4.0,0.54,0.0,0.0,26.598218034193202,29.313131534400444,0.0,4.266818375764473,0.4480879080859627,20.0,0.0,38.47010078782818,12.719652045288866,12.719652045288866,visitante,0.0,1.9918300653594767,1.9918300653594767,2.5,-1.0,0.75,10.5,1,0.45454545454545453
627,37,82792,Maurício Barbieri,Bragantino,TEC,13.56,5.16,0.21,0.0,0.0,26.270617706592873,14.692442749310064,0.0,8.396799157467179,0.2854575145659929,6.0,26.67,46.514132486895434,31.566480766109805,46.514132486895434,mandante,4.122712418300654,0.0,4.122712418300654,4.285,2.9599999999999995,3.6225,1.92,1,0.36363636363636365
762,37,105208,Bento,Athlético-PR,GOL,2.46,0.0,0.0,0.0,0.0,26.370717806692966,18.59883638282645,0.0,0.8115502929310101,0.12124440770776695,14.0,33.33,38.47010078782818,30.989641261401896,30.989641261401896,visitante,0.0,3.046875,3.046875,0.0,0.0,3.237875225971678,3.5030666883011516,1,0.36363636363636365
639,37,112964,Felipe Endres,Chapecoense,TEC,2.4,1.76,0.17,0.0,0.0,25.83576020663539,16.607235426147888,0.0,4.630920210496374,0.5415732537260531,20.0,0.0,38.47010078782818,12.719652045288866,12.719652045288866,visitante,0.0,2.0354411764705884,2.0354411764705884,1.413333333333333,1.23,1.3216666666666663,10.5,1,0.36363636363636365
1390,37,97537,Busanello,Chapecoense,LAT,6.91,2.7,0.06,8.108108108108109,0.4504504504504504,36.436947516868585,14.885010316877633,4.583823529411765,6.928500314931836,0.32721194934831044,20.0,0.0,38.47010078782818,12.719652045288866,12.719652045288866,visitante,0.0,2.9696078431372546,2.9696078431372546,1.7333333333333334,-2.1,-0.18333333333333332,10.5,1,0.36363636363636365
1393,37,100848,Luan Cândido,Bragantino,LAT,10.07,2.0,0.03,6.992972972972972,4.2342342342342345,29.48737232272541,15.001634429469489,8.33,3.9600229908658098,0.1873618127840211,6.0,26.67,46.514132486895434,31.566480766109805,46.514132486895434,mandante,4.907638888888889,0.0,4.907638888888889,0.6,2.45,1.525,1.92,1,0.36363636363636365
1479,37,95638,Marcelo Benevenuto,Fortaleza,ZAG,7.81,-0.3,-0.17,10.565135135135137,2.754182754182754,33.2555921968472,15.750088225361614,3.4766666666666666,7.300498349621383,0.4432378636046483,5.0,40.0,45.87307436698529,31.566480766109805,45.87307436698529,mandante,3.9891666666666654,0.0,3.9891666666666654,1.0333333333333332,-0.3666666666666667,0.3333333333333333,3.02,1,0.36363636363636365
1461,37,63172,Paulão,Cuiabá,ZAG,5.58,2.0,-0.05,2.7027027027027017,0.3861003861003861,30.324564248420874,15.730343002825567,2.9778125,5.531435415369827,0.3842672479040018,15.0,46.67,38.47010078782818,27.780735748484545,27.780735748484545,visitante,0.0,3.7,3.7,3.766666666666667,6.9,5.333333333333334,4.49,1,0.36363636363636365
2392,37,94067,Matheus Fernandes,Palmeiras,MEI,4.1,-0.1,-0.65,0.0,0.0,27.816963441710982,15.105243986638026,0.38461538461538464,0.31194928202312583,0.03817568379198279,3.0,33.33,46.83480922654904,31.566480766109805,46.83480922654904,mandante,2.0573529411764704,0.0,2.0573529411764704,-0.15,1.65,0.75,3.95,1,0.36363636363636365
2387,37,78605,Gabriel,Corinthians,MEI,8.2,0.0,0.0,7.51,2.7027027027027017,47.587280805950286,14.692442749310064,3.897714285714286,6.6528755414535645,0.35262692211245616,4.0,46.67,38.47010078782818,34.00879606206684,34.00879606206684,visitante,0.0,3.3850980392156864,3.3850980392156864,5.8,3.9,4.85,4.48,1,0.36363636363636365
1462,37,90768,Fabrício Bruno,Bragantino,ZAG,10.41,1.9,0.24,2.17972972972973,0.0,34.54587065828057,15.288443596052312,2.8084375,5.071155053555729,0.25427698762465,6.0,26.67,46.514132486895434,31.566480766109805,46.514132486895434,mandante,3.620138888888889,0.0,3.620138888888889,1.8,0.6499999999999999,1.225,1.92,1,0.36363636363636365
2365,37,80393,Fabinho,Ceará,MEI,4.88,0.9,-0.07,5.405405405405406,0.6756756756756757,31.40733848968267,14.692442749310064,1.0431428571428571,1.871398998929713,0.1607701062017521,10.0,53.33,38.47010078782818,26.366632864964,26.366632864964,visitante,0.0,2.892361111111111,2.892361111111111,0.9,0.6666666666666666,0.7833333333333333,1.84,1,0.36363636363636365
1402,37,104257,João Lucas,Cuiabá,LAT,5.55,0.0,0.0,2.7027027027027017,0.0,42.14070581491206,15.462778441601383,5.328749999999999,8.399587112228257,0.8191363959056117,15.0,46.67,38.47010078782818,27.780735748484545,27.780735748484545,visitante,0.0,4.215416666666666,4.215416666666666,3.0500000000000003,1.0500000000000005,2.0500000000000003,4.49,1,0.36363636363636365
1473,37,106823,Lucas Fasson,Athlético-PR,ZAG,2.47,0.0,0.0,0.0,0.0,31.33788285665693,16.12634440876482,2.495294117647059,1.7158491907684212,0.3762693867936984,14.0,33.33,38.47010078782818,30.989641261401896,30.989641261401896,visitante,0.0,4.313541666666667,4.313541666666667,1.4,0.0,1.4,3.5030666883011516,1,0.36363636363636365
2386,37,86388,Alê,América-MG,MEI,5.84,0.0,0.0,10.192432432432431,3.018018018018018,35.109368043033854,14.692442749310064,8.33,7.786095983879403,0.4643582153162379,8.0,40.0,40.47312762955017,31.566480766109805,40.47312762955017,mandante,4.121874999999998,0.0,4.121874999999998,5.25,2.6333333333333333,3.9416666666666655,2.19,1,0.36363636363636365
1455,37,50353,Titi,Fortaleza,ZAG,9.4,3.4,0.48,7.7354054054054044,0.990990990990991,34.50379514392966,15.747363726669375,3.479444444444445,7.229305546566565,0.3776927118990678,5.0,40.0,45.87307436698529,31.566480766109805,45.87307436698529,mandante,4.740625,0.0,4.740625,4.666666666666667,0.7333333333333334,2.7,3.02,1,0.36363636363636365
1443,37,38141,Miranda,São Paulo,ZAG,9.87,8.9,0.41,2.7027027027027017,0.0,34.0407546224305,15.324446809524119,1.186875,21.26888883639256,0.2041811518508033,13.0,66.67,38.47010078782818,25.650587805777537,25.650587805777537,visitante,0.0,3.6014705882352938,3.6014705882352938,6.3,3.55,4.925,3.49,1,0.36363636363636365
2393,37,71937,Juninho Valoura,América-MG,MEI,7.29,-0.1,-0.26,12.17054054054054,1.8918918918918919,28.212632158841195,14.692442749310064,4.795454545454545,4.4357152877858415,0.2230462946526864,8.0,40.0,40.47312762955017,31.566480766109805,40.47312762955017,mandante,3.8536931818181817,0.0,3.8536931818181817,0.25,2.7,1.475,2.19,1,0.36363636363636365
2384,37,88597,Lucas Crispim,Fortaleza,MEI,7.89,0.0,0.0,15.987297297297294,2.7027027027027017,34.50475738897178,14.692442749310064,7.533055555555554,6.55620995404828,0.4794976243154616,5.0,40.0,45.87307436698529,31.566480766109805,45.87307436698529,mandante,4.576136363636363,0.0,4.576136363636363,0.0,0.0,3.237875225971678,3.02,1,0.36363636363636365
1398,37,82628,Tinga,Fortaleza,LAT,7.69,0.1,0.06,7.407297297297298,2.7027027027027017,37.670017757861466,15.786285136558526,3.821111111111111,6.006083748624685,0.3565435727563683,5.0,40.0,45.87307436698529,31.566480766109805,45.87307436698529,mandante,4.31875,0.0,4.31875,3.0,-0.2,1.4,3.02,1,0.36363636363636365
1395,37,88423,Aderlan,Bragantino,LAT,12.23,1.2,-0.2,14.210810810810807,1.8768768768768769,39.88473517839204,15.13623094383966,4.9228125,7.2869591088036465,0.2497535725478774,6.0,26.67,46.514132486895434,31.566480766109805,46.514132486895434,mandante,4.136965811965812,0.0,4.136965811965812,6.75,3.2,4.975,1.92,1,0.36363636363636365
1446,37,86970,Eduardo Bauermann,América-MG,ZAG,5.42,5.8,-0.38,5.405405405405406,0.4504504504504504,34.99293830844805,15.346736976543193,2.222941176470588,6.26557892305447,0.8484545261652474,8.0,40.0,40.47312762955017,31.566480766109805,40.47312762955017,mandante,3.9385416666666666,0.0,3.9385416666666666,3.1,3.5,3.3,2.19,1,0.2727272727272727
2366,37,85149,Ronaldo Henrique,Sport,MEI,2.75,0.7,0.22,0.0,0.0,27.809341304140002,14.692442749310064,0.1893939393939394,0.2609375801405344,0.028883580389081738,19.0,46.67,30.667613081529073,31.566480766109805,30.667613081529073,mandante,1.290625,0.0,1.290625,-0.7,0.7,0.0,2.08,1,0.2727272727272727
1391,37,60969,Patric,América-MG,LAT,6.13,2.2,0.21,8.080833333333333,1.1111111111111112,34.47883641613975,15.25276192840058,7.239523809523808,7.078269076254001,0.405496871781216,8.0,40.0,40.47312762955017,31.566480766109805,40.47312762955017,mandante,3.9260416666666655,0.0,3.9260416666666655,2.6,3.1500000000000004,2.875,2.19,1,0.2727272727272727
633,37,110506,Abel Ferreira,Palmeiras,TEC,12.27,3.45,-0.49,0.0,0.0,26.270617706592873,14.692442749310064,0.0,8.333796013547277,0.34918899378530993,3.0,33.33,46.83480922654904,31.566480766109805,46.83480922654904,mandante,4.273464052287581,0.0,4.273464052287581,4.833333333333333,2.7775,3.8054166666666656,3.95,1,0.2727272727272727
2373,37,110633,Gustavo Oliveira,Sport,MEI,5.13,0.2,-0.14,7.335945945945946,0.6756756756756757,31.092641221487163,14.692442749310064,5.6145454545454525,3.716383717153067,0.3134265975668367,19.0,46.67,30.667613081529073,31.566480766109805,30.667613081529073,mandante,2.103125,0.0,2.103125,-1.2,0.30000000000000004,-0.45,2.08,1,0.2727272727272727
1793,37,110415,Ângelo,Santos,ATA,1.16,0.4,-0.04,0.0,0.0,28.0220064970778,14.692442749310064,1.7775757575757576,0.5519087868297154,0.17233349772729029,11.0,66.67,35.28891731984741,31.566480766109805,35.28891731984741,mandante,2.094117647058823,0.0,2.094117647058823,0.3,1.3,0.8,1.89,1,0.2727272727272727
1405,37,86391,Sander,Sport,LAT,6.54,0.0,0.0,5.1597297297297295,1.3513513513513509,35.02063954265696,15.247543740939115,3.8361764705882364,6.808739806124017,0.4830998409146828,19.0,46.67,30.667613081529073,31.566480766109805,30.667613081529073,mandante,4.299715909090908,0.0,4.299715909090908,4.35,2.5,3.425,2.08,1,0.2727272727272727
1794,37,38138,Jô,Corinthians,ATA,7.84,0.2,-0.7,20.584864864864866,8.288288288288287,25.088658069273855,14.692442749310064,10.800571428571427,6.8816089834485314,0.3984811538394927,4.0,46.67,38.47010078782818,34.00879606206684,34.00879606206684,visitante,0.0,3.079621848739496,3.079621848739496,5.175000000000002,0.7000000000000001,2.9375000000000013,4.48,1,0.2727272727272727
1470,37,68923,Gil,Corinthians,ZAG,6.69,0.1,-0.66,2.7027027027027017,0.0,32.96535027072039,15.811474284164213,5.931428571428572,6.097380039465791,0.4045683082876241,4.0,46.67,38.47010078782818,34.00879606206684,34.00879606206684,visitante,0.0,3.0117647058823533,3.0117647058823533,2.6,1.4333333333333331,2.0166666666666666,4.48,1,0.2727272727272727
1474,37,79334,Ricardo Silva,América-MG,ZAG,3.65,0.0,0.0,0.0,0.0,34.78431396687839,15.199224833063305,2.2091176470588234,9.909576706755603,0.7837446824081785,8.0,40.0,40.47312762955017,31.566480766109805,40.47312762955017,mandante,3.583413461538462,0.0,3.583413461538462,2.7,0.8000000000000002,1.7500000000000002,2.19,1,0.2727272727272727
2339,37,103695,Jadsom Silva,Bragantino,MEI,3.86,8.0,0.81,5.1597297297297295,1.3513513513513509,36.0424239315848,14.692442749310064,8.33,4.651250494981049,0.4815484201669326,6.0,26.67,46.514132486895434,31.566480766109805,46.514132486895434,mandante,3.1638888888888888,0.0,3.1638888888888888,1.5,4.4,2.95,1.92,1,0.2727272727272727
1788,37,99119,Lucas Braga,Santos,ATA,3.69,1.2,-0.19,5.032702702702703,0.0,32.05875626974649,14.692442749310064,6.725428571428571,4.302169588749595,0.5830645036646215,11.0,66.67,35.28891731984741,31.566480766109805,35.28891731984741,mandante,3.6941176470588237,0.0,3.6941176470588237,6.5500000000000025,1.7000000000000002,4.125000000000001,1.89,1,0.2727272727272727
2385,37,91733,Felipe,Fortaleza,MEI,3.73,0.0,0.0,0.0,0.0,33.63059161389402,14.692442749310064,2.5819444444444444,1.300886674001683,0.13109455665742356,5.0,40.0,45.87307436698529,31.566480766109805,45.87307436698529,mandante,2.783333333333333,0.0,2.783333333333333,1.0,2.0,1.5,3.02,1,0.2727272727272727
1460,37,111637,Kaiky,Santos,ZAG,3.39,2.0,0.26,0.0,0.0,27.76225957971661,15.218618101205022,1.086470588235294,1.935756029756122,0.24286841691421576,11.0,66.67,35.28891731984741,31.566480766109805,35.28891731984741,mandante,4.481617647058823,0.0,4.481617647058823,6.45,0.925,3.6875,1.89,1,0.18181818181818182
2346,37,104521,Vinícius Zanocelo,Santos,MEI,2.5,3.9,-0.22,2.7777777777777777,0.0,32.16342355195284,14.386280444727412,5.648529411764708,2.1055591902610447,0.5256070220528364,11.0,66.67,35.28891731984741,31.566480766109805,35.28891731984741,mandante,2.656617647058823,0.0,2.656617647058823,1.5666666666666664,2.975,2.270833333333333,1.89,1,0.18181818181818182
2368,37,68770,Camacho,Santos,MEI,3.36,0.6,-0.08,2.7027027027027017,0.0,39.638498013039694,14.692442749310064,2.153125,6.601946880431408,0.3694664014353786,11.0,66.67,35.28891731984741,31.566480766109805,35.28891731984741,mandante,2.877450980392157,0.0,2.877450980392157,2.2,1.075,1.6375000000000002,1.89,1,0.18181818181818182
1762,37,61188,Gilberto,Bahia,ATA,15.26,15.3,2.91,20.0145945945946,8.738738738738737,23.825904688880854,14.692442749310064,19.05875,9.500648270911316,0.3616333170178329,16.0,46.67,38.47010078782818,25.799595479369863,25.799595479369863,visitante,0.0,4.035110294117647,4.035110294117647,15.3,-0.35,7.475,2.45,1,0.09090909090909091
