,apelido,atleta_id,clube,posicao,media_casa,media_fora
0,0,82876,Sport,MEI,1.6,1.35
1,Abel Ferreira,110506,Palmeiras,TEC,4.172,4.1725
2,Abel Hernández,74159,Fluminense,ATA,0.5499999999999999,0.8500000000000002
3,Abner Vinícius,104513,Athlético-PR,LAT,2.9142857142857146,1.6625
4,Ademir,101314,América-MG,ATA,5.288888888888889,4.177777777777778
5,Aderlan,88423,Bragantino,LAT,3.4299999999999997,7.2875
6,Adson,111682,Corinthians,MEI,5.2749999999999995,2.3666666666666663
7,Airton,106107,Ceará,ATA,1.05,0.10000000000000002
8,Alan Empereur,88033,Cuiabá,ZAG,1.7999999999999998,2.2800000000000002
9,Alan Ruschel,63110,América-MG,LAT,2.35,0.22857142857142865
10,Alan Santos,70132,Chapecoense,MEI,1.385714285714286,0.7
11,Alberto Valentim,84863,Athlético-PR,TEC,1.955,4.246666666666667
12,Alerrandro,101715,Bragantino,ATA,1.0625,4.683333333333333
13,Alison,73974,Santos,MEI,1.45,0.25
14,Alisson,81845,Grêmio,MEI,5.28,1.65
15,Allan,96652,Atlético-MG,MEI,1.3636363636363635,2.475
16,Alyson,102330,Juventude,LAT,-0.16666666666666666,2.2666666666666666
17,Alê,86388,América-MG,MEI,3.3999999999999995,3.07
18,Anderson Conceição,71618,Cuiabá,ZAG,-1.7333333333333334,2.2
19,Anderson Jesus,90700,América-MG,ZAG,3.4625000000000004,0.6
20,Anderson Leite,87691,Chapecoense,MEI,3.4555555555555553,2.7555555555555555
21,Andreas Pereira,89274,Flamengo,MEI,6.65,3.4
22,André,68690,Sport,ATA,1.9500000000000002,0.9
23,André,107498,Fluminense,MEI,2.422222222222222,4.142857142857143
24,André Luís,92146,Atlético-GO,ATA,1.2615384615384615,2.8666666666666663
25,Anselmo Ramon,69214,Chapecoense,ATA,1.309090909090909,3.127272727272727
26,António Oliveira,111578,Athlético-PR,TEC,3.6399999999999997,3.005
27,Araos,102352,Corinthians,MEI,-0.15,0.3499999999999999
28,Arboleda,91573,São Paulo,ZAG,5.840000000000001,5.5249999999999995
29,Arias,99815,Fluminense,MEI,2.16,1.1333333333333333
30,Arnaldo,78497,Atlético-GO,LAT,3.1374999999999993,4.790909090909091
31,Arrascaeta,87863,Flamengo,MEI,6.616666666666667,5.699999999999998
32,Arthur Gomes,96966,Atlético-GO,ATA,3.7166666666666663,1.7399999999999998
33,Arthur Henrique,86629,Atlético-GO,LAT,2.15,0.5
34,Artur,95799,Bragantino,ATA,6.616666666666668,5.766666666666667
35,Auremir,77570,Cuiabá,MEI,2.0571428571428574,1.5230769230769228
36,Baralhas,99440,Atlético-GO,MEI,2.525,3.4749999999999996
37,Bento,105208,Athlético-PR,GOL,1.875,1.0
38,Benítez,93550,São Paulo,MEI,2.3714285714285714,0.5
39,Berrío ,85300,América-MG,ATA,0.65,0.0
40,Bissoli,100762,Athlético-PR,ATA,1.6833333333333333,2.16
41,Bobadilla,84342,Fluminense,ATA,0.6428571428571429,3.966666666666667
42,Borja,86120,Grêmio,ATA,5.459999999999999,1.8333333333333333
43,Borrero,106843,Atlético-MG,MEI,1.26,4.3428571428571425
44,Boschilia,86841,Internacional,MEI,0.8285714285714286,2.2199999999999998
45,Brenno,100830,Grêmio,GOL,0.5,3.25
46,Breno Lopes,93988,Palmeiras,ATA,1.844444444444444,4.883333333333334
47,Bruninho,101716,Juventude,MEI,1.3166666666666667,0.64
48,Bruninho,113558,Bragantino,ATA,-0.2,0.0
49,Bruno Alves,73620,São Paulo,ZAG,2.871428571428571,1.78
50,Bruno Cortez,72079,Grêmio,LAT,2.6166666666666667,2.15
51,Bruno Henrique,90285,Flamengo,ATA,9.17,3.9333333333333336
52,Bruno Marques,105111,Santos,ATA,-1.2,-1.1
53,Bruno Melo,84339,Fortaleza,LAT,3.875,0.7750000000000001
54,Bruno Méndez,103700,Internacional,ZAG,4.071428571428571,5.425000000000001
55,Bruno Nazário,81776,América-MG,MEI,-0.4833333333333334,1.4
56,Bruno Pacheco,90061,Ceará,LAT,2.1,2.5307692307692307
57,Bruno Rodrigues,92811,São Paulo,ATA,1.4,0.0
58,Bruno Silva,101422,Chapecoense,ATA,1.1875,1.7625
59,Bruno Viana,92291,Flamengo,ZAG,3.733333333333334,2.25
60,Buiú,88544,Ceará,LAT,1.7166666666666668,4.58
61,Busanello,97537,Chapecoense,LAT,2.21,3.7199999999999998
62,Cabrera,108473,Cuiabá,MEI,3.1333333333333333,0.16666666666666663
63,Caio Paulista,102318,Fluminense,ATA,1.9,3.8444444444444446
64,Caio Vidal,107745,Internacional,ATA,1.5625,1.9000000000000001
65,Calebe,109461,Atlético-MG,MEI,0.7999999999999999,1.3
66,Calegari,104276,Fluminense,LAT,4.271428571428571,1.9999999999999998
67,Calleri,89840,São Paulo,ATA,5.779999999999999,3.0
68,Camacho,68770,Santos,MEI,1.56,1.0615384615384615
69,Camilo,104519,Cuiabá,MEI,1.5666666666666669,1.3250000000000002
70,Campaz,105102,Grêmio,MEI,2.1333333333333333,-0.45
71,Cantillo,85315,Corinthians,MEI,3.333333333333334,1.4333333333333336
72,Capixaba,94894,Juventude,ATA,1.9272727272727275,1.5250000000000001
73,Carlinhos,63194,Fortaleza,LAT,4.8,6.1
74,Carlos Alberto,106704,América-MG,ATA,1.725,-0.26666666666666666
75,Carlos Eduardo,90917,Athlético-PR,ATA,1.1666666666666667,1.0
76,Carlos Sánchez,81677,Santos,MEI,0.41111111111111115,3.9799999999999995
77,Cauan de Almeida,107870,América-MG,TEC,4.75,0.0
78,Cazares,81682,Fluminense,MEI,4.16,0.025000000000000022
79,Charles,96342,Ceará,MEI,0.04999999999999996,1.0
80,Chico,82407,Juventude,MEI,0.9538461538461539,1.3599999999999999
81,Chico,99253,Sport,ZAG,4.619999999999999,2.8857142857142857
82,Chrigor,101398,América-MG,ATA,1.3499999999999999,3.875
83,Christian,104502,Athlético-PR,MEI,2.8333333333333335,0.42727272727272736
84,Churín,98289,Grêmio,ATA,-0.1,-0.2
85,Claudinho,92630,Bragantino,MEI,2.15,5.0
86,Clayson,83817,Cuiabá,ATA,4.3375,1.2142857142857142
87,Cleberson,80281,Juventude,ZAG,2.8,0.7
88,Cleiton,93882,Bragantino,GOL,4.25,4.85
89,Cléber,104125,Ceará,ATA,4.022222222222222,0.709090909090909
90,Conti,100943,Bahia,ZAG,2.68,1.5857142857142856
91,Cristiano,102145,Ceará,ATA,-2.5,0.0
92,Cristiano,111361,Sport,ATA,0.15000000000000002,-0.7
93,Cuca,42411,Atlético-MG,TEC,5.0915384615384625,4.260714285714285
94,Cuello,98909,Bragantino,ATA,3.7545454545454544,3.3625
95,Cássio,42234,Corinthians,GOL,3.6666666666666665,4.535714285714286
96,Dado Cavalcanti,73975,Bahia,TEC,3.1655555555555552,3.067142857142857
97,Daniel,93791,Bahia,MEI,0.6749999999999998,2.2249999999999996
98,Daniel,96468,Internacional,GOL,3.1818181818181817,6.083333333333333
99,Daniel Alves,38939,São Paulo,LAT,-0.75,3.9749999999999996
100,Daniel Guedes ,88225,Fortaleza,LAT,7.449999999999999,0.2
101,Danilo,107231,Palmeiras,MEI,1.4777777777777779,3.157142857142857
102,Danilo Barbosa,86777,Palmeiras,MEI,2.3,1.9500000000000002
103,Danilo Barcelos,84382,Fluminense,LAT,2.8857142857142857,5.38
104,Danilo Boza,101431,Santos,ZAG,3.125,1.0
105,Danilo Fernandes,69051,Bahia,GOL,3.875,4.333333333333333
106,Danilo Gomes,106826,Cuiabá,ATA,1.45,2.74
107,Darlan,104593,Grêmio,MEI,1.7000000000000002,-0.6250000000000001
108,David,90309,Fortaleza,ATA,3.4153846153846152,1.533333333333333
109,David Braz,50317,Fluminense,ZAG,-1.3,1.46
110,Dawhan,97780,Juventude,MEI,3.3166666666666664,1.4666666666666668
111,Denner,102038,Chapecoense,MEI,1.3499999999999999,0.6571428571428571
112,Depietri,114138,Fortaleza,ATA,0.0,0.2
113,Derlan,98945,Chapecoense,ZAG,1.671428571428572,2.7755575615628914e-17
114,Deyverson,92708,Palmeiras,ATA,1.5333333333333332,4.122222222222222
115,Didi,78237,Juventude,ZAG,3.542857142857143,0.45
116,Diego,38909,Flamengo,MEI,1.7,0.6500000000000001
117,Diego,101728,São Paulo,ZAG,3.44,4.7
118,Diego Aguirre,73766,Internacional,TEC,4.629,4.034166666666667
119,Diego Alves,38509,Flamengo,GOL,4.115384615384615,3.3125
120,Diego Costa,70316,Atlético-MG,ATA,5.05,3.6500000000000004
121,Diego Dabove,111994,Bahia,TEC,3.505,2.4566666666666666
122,Diego Ferreira,91783,América-MG,LAT,2.033333333333333,1.7000000000000002
123,Diego Souza,68911,Grêmio,ATA,3.0833333333333335,0.8571428571428571
124,Diego Tardelli,38231,Santos,ATA,0.34999999999999987,0.775
125,Diogo Barbosa,70916,Grêmio,LAT,2.4000000000000004,0.85
126,Diogo Giacomini,93317,América-MG,TEC,5.04,0.0
127,Dodô,68727,Atlético-MG,LAT,4.16,2.4
128,Douglas Borel,104634,Bahia,LAT,7.0,0.0
129,Douglas Costa,62020,Grêmio,ATA,1.19,1.3166666666666667
130,Douglas Friedrich,78584,Juventude,GOL,5.0,0.9
131,Du Queiroz,113687,Corinthians,MEI,1.0,1.1
132,Dudu,68920,Palmeiras,ATA,3.34,2.32
133,Dudu,97133,Atlético-GO,LAT,2.590909090909091,3.2636363636363637
134,Echaporã,104655,Atlético-MG,ATA,-0.15,0.0
135,Edenílson,63289,Internacional,MEI,6.7,3.569230769230769
136,Eder,91521,São Paulo,ATA,2.96,0.7
137,Edimar,62024,Bragantino,LAT,2.9699999999999998,1.2399999999999998
138,Edinho,80193,Fortaleza,ATA,0.14999999999999997,0.42500000000000004
139,Edson,105901,Bahia,MEI,1.4,-0.4
140,Eduardo,50645,América-MG,LAT,1.116666666666667,1.25
141,Eduardo Barroca,77774,Atlético-GO,TEC,2.9618181818181815,4.095555555555556
142,Eduardo Bauermann,86970,América-MG,ZAG,3.6333333333333333,2.216666666666667
143,Eduardo Sasha,70360,Atlético-MG,ATA,1.2777777777777777,3.322222222222222
144,Eduardo Souza,88406,Atlético-GO,TEC,3.856666666666667,3.643333333333333
145,Edwin Mosquera,108355,Juventude,MEI,0.0,0.0
146,Egídio,42145,Fluminense,LAT,4.571428571428571,1.114285714285714
147,Elias,107795,Grêmio,ATA,0.4,0.0
148,Elton,38588,Cuiabá,ATA,4.65,1.9
149,Elton,71719,Juventude,MEI,0.7599999999999999,-0.56
150,Emiliano Martínez,108683,Bragantino,MEI,1.2666666666666666,1.5
151,Erick,97810,Ceará,ATA,2.3000000000000003,2.94
152,Erick,98022,Athlético-PR,LAT,3.122222222222222,2.5714285714285716
153,Esteves,100846,Palmeiras,LAT,0.4,0.0
154,Everaldo ,91151,Sport,ATA,2.185714285714286,2.05
155,Everson,72294,Atlético-MG,GOL,4.461538461538462,3.642857142857143
156,Everton,50301,Grêmio,MEI,-0.35,-0.7
157,Everton Felipe,86519,Sport,MEI,1.02,1.08
158,Everton Ribeiro,51772,Flamengo,MEI,3.9375,4.750000000000001
159,Ewerthon,106082,Sport,LAT,4.425000000000001,2.15
160,Ezequiel ,80318,Chapecoense,LAT,-0.25,0.925
161,Fabinho,80393,Ceará,MEI,3.4333333333333336,3.3
162,Fabinho,101729,Chapecoense,ATA,1.5799999999999998,1.48
163,Fabrício,105171,América-MG,ATA,3.3333333333333335,3.9
164,Fabrício Bruno,90768,Bragantino,ZAG,2.7307692307692304,3.379999999999999
165,Fagner,42500,Corinthians,LAT,3.0083333333333333,4.4363636363636365
166,Felipe,91733,Fortaleza,MEI,0.3909090909090909,0.7090909090909092
167,Felipe Alves,72372,Fortaleza,GOL,3.25,4.75
168,Felipe Augusto,111408,Corinthians,ATA,0.0,-0.25
169,Felipe Azevedo,60825,América-MG,ATA,1.9428571428571428,3.2
170,Felipe Baxola,71113,Chapecoense,MEI,0.26666666666666666,1.05
171,Felipe Endres,112964,Chapecoense,TEC,1.55,0.0
172,Felipe Felício,107898,Atlético-MG,ATA,0.0,0.9
173,Felipe Jonatan,101708,Santos,LAT,4.45,1.9200000000000004
174,Felipe Marques,101054,Cuiabá,ATA,0.4600000000000001,1.7625000000000002
175,Felipe Melo,38545,Palmeiras,MEI,1.6199999999999999,0.5545454545454546
176,Felipe Santana,42140,Chapecoense,ZAG,2.4400000000000004,1.44
177,Fernandinho,91130,Chapecoense,ATA,2.6571428571428575,1.2374999999999998
178,Fernando Canesin,81585,Athlético-PR,MEI,0.9,0.6428571428571427
179,Fernando Diniz,72391,Santos,TEC,4.047777777777778,2.51
180,Fernando Henrique,107800,Grêmio,MEI,2.2333333333333334,1.7
181,Fernando Miguel,71571,Atlético-GO,GOL,4.230769230769231,6.291666666666667
182,Fernando Pacheco,98740,Juventude,ATA,0.5166666666666667,-0.011111111111111096
183,Fernando Sobral,84428,Ceará,MEI,4.516666666666667,3.007692307692307
184,Ferreira,101290,Grêmio,ATA,3.88,4.271428571428571
185,Filipe Luís,38750,Flamengo,LAT,4.058333333333334,6.025
186,Foguinho,108329,Chapecoense,MEI,1.0,0.20000000000000004
187,Franco,39656,Atlético-MG,MEI,0.6,0.0
188,Fred,38162,Fluminense,ATA,3.62,-0.8800000000000001
189,Fábio Carille,70696,Santos,TEC,3.7733333333333334,2.725
190,Fábio Santos,38229,Corinthians,LAT,1.3181818181818183,4.7384615384615385
191,Gabriel,78605,Corinthians,MEI,2.6222222222222222,3.3333333333333326
192,Gabriel,83257,Flamengo,ATA,1.04,15.25
193,Gabriel,87393,Atlético-MG,ZAG,2.7,4.925
194,Gabriel,98976,São Paulo,MEI,0.30000000000000004,-1.8
195,Gabriel Chapecó,112616,Grêmio,GOL,5.611111111111111,3.8
196,Gabriel Dias,88368,Ceará,LAT,3.06,4.859999999999999
197,Gabriel Lacerda,108176,Ceará,ZAG,5.075,2.4499999999999997
198,Gabriel Menino,103767,Palmeiras,MEI,2.72,3.1499999999999995
199,Gabriel Novaes,109639,Bragantino,ATA,1.32,2.725
200,Gabriel Pereira,109588,Corinthians,MEI,2.8499999999999996,4.033333333333334
201,Gabriel Pirani,110607,Santos,MEI,3.2181818181818183,1.6083333333333334
202,Gabriel Santos,114473,Ceará,ATA,0.0,0.0
203,Gabriel Sara,100763,São Paulo,MEI,2.633333333333334,2.2625
204,Gabriel Teixeira,110760,Fluminense,MEI,2.8999999999999995,2.42
205,Gabriel Veron,103764,Palmeiras,ATA,-0.20000000000000007,1.7799999999999998
206,Galeano,108713,São Paulo,ATA,2.2399999999999998,-0.48333333333333334
207,Ganso,62977,Fluminense,MEI,1.5499999999999998,1.3500000000000003
208,Geovane,105336,Ceará,MEI,2.35,-1.2
209,Geovane,105889,América-MG,MEI,-0.13333333333333333,1.557142857142857
210,Gerson,89256,Flamengo,MEI,4.800000000000001,0.0
211,Geuvânio,73896,Chapecoense,ATA,2.2800000000000002,1.7000000000000002
212,Gil,68923,Corinthians,ZAG,1.9749999999999999,2.9923076923076923
213,Gilberto,61188,Bahia,ATA,4.0249999999999995,5.038461538461538
214,Giuliano,51548,Corinthians,MEI,5.959999999999999,2.557142857142857
215,Gomes,107109,Flamengo,MEI,0.3499999999999999,2.1714285714285713
216,Guedes,107013,Chapecoense,MEI,-1.15,-0.04999999999999999
217,Guga,101319,Atlético-MG,LAT,2.9857142857142853,3.472727272727273
218,Guilherme Arana,87228,Atlético-MG,LAT,7.4,4.433333333333334
219,Guilherme Castilho,101798,Juventude,MEI,4.533333333333333,1.418181818181818
220,Guilherme Guedes,100741,Grêmio,LAT,5.6499999999999995,0.14999999999999997
221,Guilherme Pato,107754,Cuiabá,ATA,2.5,0.9500000000000001
222,Gustavo,108201,América-MG,MEI,0.9333333333333332,-0.45
223,Gustavo Apis,110947,Fluminense,MEI,0.0,-0.7
224,Gustavo Florentín,97094,Sport,TEC,3.976,2.8440000000000003
225,Gustavo Gómez,71684,Palmeiras,ZAG,2.91,3.6833333333333336
226,Gustavo Henrique,78248,Flamengo,ZAG,4.0200000000000005,2.0625
227,Gustavo Maia,108712,Internacional,ATA,4.366666666666667,0.4
228,Gustavo Mosquito,97450,Corinthians,ATA,2.6,1.6461538461538465
229,Gustavo Nescau,112327,Cuiabá,ATA,0.0,0.0
230,Gustavo Oliveira,110633,Sport,MEI,0.7555555555555556,3.9222222222222225
231,Gustavo Scarpa,87999,Palmeiras,MEI,5.221428571428571,3.65
232,Guto Ferreira,37245,Ceará,TEC,4.24,3.7589999999999995
233,Haydar,108385,Bragantino,ZAG,0.5,0.0
234,Hayner,91856,Sport,LAT,2.4375,3.391666666666666
235,Heitor,104649,Internacional,LAT,5.0375000000000005,3.4000000000000004
236,Helinho,102598,Bragantino,ATA,1.992307692307692,5.477777777777778
237,Henrique Almeida,68773,Chapecoense,ATA,0.9,0.9
238,Henríquez,80547,Fortaleza,ATA,0.85,0.8666666666666667
239,Hernanes,38648,Sport,MEI,0.6499999999999999,1.0
240,Hernán Crespo,103912,São Paulo,TEC,3.5654545454545454,2.5936363636363633
241,Hugo Moura,101594,Flamengo,MEI,-0.05,0.2666666666666668
242,Hulk,39148,Atlético-MG,ATA,9.018181818181818,5.671428571428571
243,Hurtado,105301,Bragantino,ATA,2.275,2.25
244,Hyoran,85931,Atlético-MG,MEI,3.25,1.13
245,Hélio,101051,Ceará,ATA,-0.9,0.0
246,Iago Maidana,89226,Sport,ZAG,3.3,-2.6999999999999997
247,Ignácio,103523,Chapecoense,ZAG,4.125,3.228571428571428
248,Igor,106930,Ceará,LAT,2.3499999999999996,0.2333333333333333
249,Igor Cariús,91639,Atlético-GO,LAT,5.07,4.0777777777777775
250,Igor Gomes,100084,São Paulo,MEI,1.8625,1.5090909090909088
251,Igor Rabello,89493,Atlético-MG,ZAG,1.75,3.16
252,Igor Torres,110303,Fortaleza,ATA,1.9833333333333334,3.099999999999999
253,Igor Vinícius,95466,São Paulo,LAT,4.166666666666667,1.457142857142857
254,Isaque,101483,América-MG,ATA,0.15000000000000002,0.0
255,Isla,69345,Flamengo,LAT,4.3,3.5200000000000005
256,Isnaldo,84580,Bahia,ATA,1.3,1.5250000000000001
257,Ivonei,105899,Santos,MEI,1.0999999999999999,0.8666666666666667
258,Jackson,70934,Fortaleza,ZAG,2.55,1.8
259,Jader,114335,Athlético-PR,ATA,1.7333333333333336,0.775
260,Jaderson,98224,Athlético-PR,MEI,0.9333333333333332,0.2333333333333333
261,Jadsom Silva,103695,Bragantino,MEI,1.7900000000000003,1.4333333333333333
262,Jadson,38315,Athlético-PR,MEI,-0.040000000000000015,3.8750000000000004
263,Jadson,80129,Juventude,MEI,0.3333333333333333,0.9624999999999999
264,Jael,60859,Ceará,ATA,0.8142857142857143,0.8857142857142858
265,Jailson,72290,Palmeiras,GOL,3.0714285714285716,4.833333333333333
266,Jair,81091,Atlético-MG,MEI,3.9777777777777774,1.9090909090909092
267,Jair Ventura,92180,Chapecoense,TEC,2.9857142857142853,2.4642857142857144
268,Janderson,97245,Atlético-GO,ATA,2.876923076923077,1.4200000000000002
269,Jean Mota,78548,Santos,MEI,4.436363636363636,1.8699999999999999
270,Jean Pyerre,98832,Grêmio,MEI,0.7249999999999999,1.1599999999999997
271,Jefferson,95220,Atlético-GO,LAT,-0.6,0.0
272,Jenison,71505,Cuiabá,ATA,1.542857142857143,2.690909090909091
273,Jhonata Robert,106371,Grêmio,MEI,-0.09999999999999998,-0.09999999999999964
274,Joao Rojas,70784,São Paulo,ATA,0.9714285714285715,0.30000000000000004
275,Jobson,93377,Santos,MEI,-0.7,0.0
276,John Kennedy,110759,Fluminense,ATA,4.833333333333333,0.76
277,John Victor,94044,Santos,GOL,4.333333333333333,2.0
278,Johnny,106002,Internacional,MEI,0.5714285714285714,0.9
279,Jonas,85586,Bahia,MEI,0.6833333333333332,1.2
280,Jonathan Cafu,78580,Cuiabá,ATA,4.550000000000001,0.6416666666666667
281,Jordan,99151,Chapecoense,ZAG,1.7,2.2500000000000004
282,Jorge,88065,Palmeiras,LAT,3.0999999999999996,4.0
283,Jorginho,70323,Cuiabá,TEC,2.95875,3.5220000000000007
284,Jorginho,77544,Ceará,MEI,3.8624999999999994,1.4875
285,Jori,97453,América-MG,GOL,4.5,2.0
286,José Welison,86859,Sport,MEI,3.5583333333333336,2.6222222222222222
287,João Carlos,69010,Cuiabá,GOL,0.75,2.0
288,João Lucas,104257,Cuiabá,LAT,3.22,4.749999999999999
289,João Neto,111834,Fluminense,ATA,0.4,0.0
290,João Paulo,56102,Juventude,MEI,1.0,4.0
291,João Paulo,71602,América-MG,LAT,3.9375,2.3166666666666664
292,João Paulo,85425,Santos,GOL,5.055555555555555,3.1666666666666665
293,João Paulo,86770,Atlético-GO,MEI,2.6363636363636362,3.9428571428571426
294,João Paulo,111281,Chapecoense,GOL,4.25,1.5625
295,João Ricardo,81881,Ceará,GOL,2.75,11.0
296,João Victor,104250,Corinthians,ZAG,3.4818181818181815,3.607142857142857
297,João Victor,112060,Ceará,ATA,2.7,0.0
298,Joílson,80779,Chapecoense,ZAG,-0.0666666666666667,0.9333333333333335
299,Juan Ramírez,97062,Bahia,MEI,-1.35,0.0
300,Juan Vojvoda,104754,Fortaleza,TEC,4.518571428571429,3.700714285714285
301,Juninho,82381,América-MG,MEI,2.0615384615384613,3.3181818181818175
302,Juninho,92182,Bahia,ZAG,4.983333333333333,3.5
303,Juninho Capixaba,94968,Bahia,LAT,3.45,3.8874999999999997
304,Juninho Valoura,71937,América-MG,MEI,4.5625,2.5875
305,Jô,38138,Corinthians,ATA,3.94,3.4181818181818184
306,Júlio César,38133,Bragantino,GOL,0.5,2.5
307,Júnior Alonso,88312,Atlético-MG,ZAG,3.7,3.0249999999999995
308,Júnior Tavares,89343,Sport,LAT,1.725,4.866666666666666
309,Kadu,50427,Chapecoense,ZAG,-1.8399999999999999,1.625
310,Kaiky,111637,Santos,ZAG,3.3000000000000003,0.8833333333333333
311,Kaio Jorge,103445,Santos,ATA,4.800000000000001,1.175
312,Kaio Nunes,102563,Chapecoense,ATA,1.95,0.05999999999999996
313,Kannemann,87342,Grêmio,ZAG,4.128571428571429,-0.7666666666666666
314,Kawê,109246,América-MG,ATA,2.9,0.0
315,Kayky,111829,Fluminense,ATA,-0.3333333333333333,0.8142857142857143
316,Kaíque Rocha,103684,Internacional,ZAG,1.0,0.0
317,Keiller,93834,Chapecoense,GOL,0.625,3.9
318,Kelvyn,102464,Ceará,LAT,3.966666666666667,2.9499999999999997
319,Kenedy,84791,Flamengo,ATA,2.75,-0.575
320,Keno,86485,Atlético-MG,ATA,3.5,1.275
321,Kevin Malthus,110745,Santos,MEI,0.0,0.0
322,Khellven ,105175,Athlético-PR,LAT,4.511111111111112,1.957142857142857
323,Klaus,90846,Ceará,ZAG,-0.3,4.3
324,Kuscevic,98619,Palmeiras,ZAG,2.566666666666667,-0.4333333333333333
325,Laércio,82564,Chapecoense,ZAG,1.6,0.5666666666666668
326,Leandrinho,91702,Bragantino,ATA,-1.5,1.0
327,Leandro Barcia,91242,Sport,ATA,0.26666666666666666,4.45
328,Ligger,61141,Bahia,ZAG,0.3,0.8
329,Lima,94288,Chapecoense,MEI,0.7222222222222222,0.9099999999999999
330,Lima,96340,Ceará,MEI,4.074999999999999,6.045454545454547
331,Lisca,72588,América-MG,TEC,1.63,1.66
332,Liziero,100761,São Paulo,MEI,2.8249999999999997,1.09
333,Luan,80692,Palmeiras,ZAG,3.3363636363636364,3.4888888888888894
334,Luan,86759,Corinthians,MEI,0.8166666666666668,-2.7755575615628914e-17
335,Luan,102909,São Paulo,MEI,1.342857142857143,0.4714285714285714
336,Luan Cândido,100848,Bragantino,LAT,5.957142857142857,2.8200000000000003
337,Luan Peres ,84847,Santos,ZAG,4.139999999999999,3.4499999999999997
338,Lucas Araújo,100844,Bahia,MEI,0.18000000000000002,0.26666666666666666
339,Lucas Braga,99119,Santos,ATA,2.1666666666666665,1.5307692307692307
340,Lucas Crispim,88597,Fortaleza,MEI,4.027272727272727,4.376923076923077
341,Lucas Evangelista,84674,Bragantino,MEI,3.1166666666666667,4.4750000000000005
342,Lucas Fasson,106823,Athlético-PR,ZAG,-0.19999999999999998,3.533333333333333
343,Lucas Fonseca,80189,Bahia,ZAG,-0.7000000000000001,1.7
344,Lucas Hernández,98822,Cuiabá,LAT,0.19999999999999998,2.9333333333333336
345,Lucas Kal,95662,América-MG,ZAG,8.633333333333331,2.6
346,Lucas Lima,80583,Fortaleza,MEI,3.0000000000000004,0.45
347,Lucas Mugni,81121,Bahia,MEI,2.275,2.4
348,Lucas Piton,105584,Corinthians,LAT,3.5,4.45
349,Lucas Ramon ,82775,Cuiabá,LAT,0.23333333333333336,4.425
350,Lucas Ramos,106000,Internacional,MEI,8.3,0.8
351,Lucas Ribeiro,103088,Internacional,ZAG,-1.5,1.05
352,Lucas Silva,79701,Grêmio,MEI,2.783333333333333,0.10000000000000003
353,Lucas Venuto,100290,Santos,ATA,0.5,0.0
354,Lucca,61149,Fluminense,ATA,2.0875,3.0333333333333337
355,Luccas Claro,73465,Fluminense,ZAG,2.2846153846153845,1.8874999999999997
356,Luciano,80287,São Paulo,ATA,4.128571428571429,2.1125
357,Luciano,114888,Bragantino,MEI,0.0,0.6
358,Luciano Juba,107093,Sport,LAT,3.8200000000000003,3.25
359,Lucão,111695,Atlético-GO,ATA,0.05999999999999998,0.8888888888888888
360,Luiz Adriano,72772,Palmeiras,ATA,3.53,2.9999999999999996
361,Luiz Felipe,79035,Santos,ZAG,3.9624999999999995,1.1500000000000001
362,Luiz Felipe Scolari,43618,Grêmio,TEC,4.446250000000001,2.702
363,Luiz Fernando ,90715,Grêmio,ATA,0.4000000000000001,-0.14000000000000007
364,Luiz Fernando Iubel,111547,Cuiabá,TEC,1.55,3.7675
365,Luiz Henrique,101595,Fortaleza,MEI,1.0999999999999999,0.275
366,Luiz Henrique,104526,Santos,MEI,0.7,-0.5
367,Luiz Henrique,109282,Fluminense,ATA,4.118181818181818,3.625
368,Luiz Otávio,72359,Ceará,ZAG,6.459999999999999,2.4166666666666665
369,Luiz Otávio ,86863,Bahia,ZAG,3.125,2.7916666666666665
370,Luizão,114357,Bahia,MEI,0.15000000000000002,1.4
371,Lázaro,110193,Flamengo,ATA,0.09999999999999999,-0.05
372,Léo,85626,São Paulo,LAT,2.9666666666666663,1.1699999999999997
373,Léo Baptistão ,81161,Santos,ATA,-0.39999999999999997,2.25
374,Léo Borges,105839,Internacional,LAT,-2.6,1.75
375,Léo Chú,106820,Grêmio,ATA,0.65,2.85
376,Léo Cittadini,70986,Athlético-PR,MEI,1.1,2.6727272727272733
377,Léo Gomes,101585,Chapecoense,MEI,0.2666666666666666,1.9500000000000002
378,Léo Natel,98952,Corinthians,ATA,0.0,0.5499999999999999
379,Léo Ortiz,97867,Bragantino,ZAG,2.4299999999999997,4.383333333333334
380,Léo Pereira,83528,Flamengo,ZAG,3.4571428571428564,2.3833333333333333
381,Léo Pereira,106681,Grêmio,ATA,1.5714285714285714,0.8142857142857144
382,Madson,78077,Santos,LAT,4.972727272727273,1.47
383,Maicon,38196,Grêmio,MEI,-3.0,0.0
384,Mancha,111279,Chapecoense,LAT,0.6,0.22500000000000003
385,Manoel,69014,Fluminense,ZAG,4.4,0.5199999999999999
386,Marcelo,114132,Sport,ZAG,4.5,0.0
387,Marcelo Benevenuto,95638,Fortaleza,ZAG,3.3083333333333336,4.976923076923077
388,Marcelo Boeck,37788,Fortaleza,GOL,6.8,2.5
389,Marcelo Carné,69054,Juventude,GOL,3.272727272727273,1.4375
390,Marcelo Lomba,68872,Internacional,GOL,-0.5,1.0
391,Marcelo Toscano,82276,América-MG,ATA,-0.24285714285714285,0.23333333333333328
392,Marcinho,93797,Athlético-PR,LAT,1.6900000000000002,3.499999999999999
393,Marcos Felipe ,85004,Fluminense,GOL,5.875,2.45
394,Marcos Guilherme ,83266,Santos,ATA,1.8399999999999999,1.5416666666666667
395,Marcos Leonardo,109497,Santos,ATA,0.6714285714285715,2.06
396,Marcos Rocha,63013,Palmeiras,LAT,4.040000000000001,3.7166666666666663
397,Marcão,73476,Fluminense,TEC,3.982857142857143,3.7800000000000002
398,Marcão Silva,78856,Sport,MEI,1.0272727272727273,1.5
399,Mariano,38877,Atlético-MG,LAT,4.077777777777778,3.4666666666666663
400,Marinho,68952,Santos,ATA,6.375,4.7555555555555555
401,Marllon,70666,Cuiabá,ZAG,1.0100000000000002,3.7999999999999994
402,Marlon,88427,Ceará,MEI,0.7363636363636363,1.5555555555555558
403,Marlon,91706,Fluminense,LAT,2.7,4.4
404,Marlon ,86864,América-MG,LAT,4.614285714285714,4.7
405,Marlon Freitas,93790,Atlético-GO,MEI,1.4444444444444444,2.4166666666666665
406,Marquinhos,102292,Corinthians,ATA,0.9714285714285714,0.9375
407,Marquinhos,113158,São Paulo,ATA,0.6428571428571427,1.4000000000000001
408,Marquinhos Santos,81031,Juventude,TEC,3.4123076923076923,2.5721428571428575
409,Marrony,101717,Atlético-MG,ATA,1.875,0.39999999999999997
410,Martinelli,109573,Fluminense,MEI,1.6,1.6666666666666663
411,Mateus Claus,90590,Bahia,GOL,6.0,3.3333333333333335
412,Mateus Vital,93108,Corinthians,MEI,2.1375,1.1857142857142857
413,Matheus Babi,94444,Athlético-PR,ATA,3.3000000000000003,3.075
414,Matheus Bahia,97899,Bahia,LAT,5.2700000000000005,4.7
415,Matheus Barbosa,74069,Atlético-GO,MEI,3.4,2.18
416,Matheus Cadorini,111688,Internacional,ATA,3.25,0.0
417,Matheus Cavichioli,72580,América-MG,GOL,4.875,2.35
418,Matheus Galdezani,82634,Bahia,MEI,1.6199999999999999,0.8999999999999999
419,Matheus Henrique,100742,Grêmio,MEI,3.2,1.65
420,Matheus Jesus,95335,Juventude,MEI,0.35,2.4
421,Matheus Jussa,91689,Fortaleza,MEI,0.7999999999999999,1.5000000000000002
422,Matheus Martins,111831,Fluminense,ATA,0.7000000000000001,0.46666666666666673
423,Matheus Peixoto,87098,Juventude,ATA,7.7142857142857135,5.319999999999999
424,Matheus Ribeiro,82943,Chapecoense,LAT,2.0928571428571425,2.3357142857142854
425,Matheus Teixeira,102907,Bahia,GOL,2.0625,1.8125
426,Matheus Vargas,87929,Fortaleza,MEI,2.0916666666666663,3.4800000000000004
427,Matheuzinho,101727,Flamengo,LAT,4.6,3.136363636363637
428,Maurício,105647,Internacional,MEI,1.7545454545454542,1.9222222222222218
429,Maurício Barbieri,82792,Bragantino,TEC,3.7642857142857147,5.09090909090909
430,Maurício Kozlinski,72595,Atlético-GO,GOL,3.0,0.0
431,Max,107203,Flamengo,MEI,-0.8200000000000001,1.3
432,Maxwell,90901,Sport,ATA,0.0666666666666667,-0.55
433,Maycon Douglas,93653,Bahia,ATA,0.8272727272727273,1.3125000000000002
434,Mayke,81150,Palmeiras,LAT,1.5166666666666666,3.8000000000000003
435,Maílson,98034,Sport,GOL,4.666666666666667,5.178571428571429
436,Mendoza,90031,Ceará,ATA,1.8499999999999996,1.7777777777777777
437,Mercado,72951,Internacional,ZAG,1.0999999999999999,3.9
438,Messias,87402,Ceará,ZAG,2.2750000000000004,1.5692307692307694
439,Michael,99392,Flamengo,ATA,3.3538461538461535,5.8
440,Michel,80664,Juventude,LAT,2.3272727272727276,1.8
441,Miguel Ángel Ramírez,106305,Internacional,TEC,1.99,0.48
442,Mikael,102299,Sport,ATA,2.38,2.066666666666667
443,Mike,72389,Chapecoense,ATA,2.690909090909091,3.71
444,Miranda,38141,São Paulo,ZAG,1.8142857142857143,1.6222222222222222
445,Moisés,90444,Internacional,LAT,1.188888888888889,3.288888888888889
446,Moisés Ribeiro,78991,Chapecoense,MEI,1.3375,0.38
447,Montenegro,71695,Atlético-GO,ATA,0.8142857142857143,2.533333333333333
448,Moraes,95058,Santos,LAT,-0.7,0.48333333333333334
449,Muriel,69041,Fluminense,GOL,-1.0,-1.0
450,Márcio Azevedo,42491,Athlético-PR,LAT,0.95,0.975
451,Nacho Fernández,94916,Atlético-MG,MEI,4.981818181818182,3.7111111111111117
452,Natan,107110,Bragantino,ZAG,1.5,1.8
453,Natanael,86264,Atlético-GO,LAT,5.233333333333333,4.09
454,Nathan,87009,Atlético-MG,MEI,1.4571428571428573,1.6444444444444446
455,Nathan Silva,95794,Atlético-MG,ZAG,4.361538461538462,3.8454545454545452
456,Neilton,83772,Sport,ATA,1.4,-0.6999999999999998
457,Nenê,38913,Fluminense,MEI,1.54,-0.16000000000000003
458,Neto,103706,Atlético-MG,MEI,3.25,-1.0
459,Nico Castillo,73669,Juventude,ATA,0.0,-0.1
460,Nicolas,95127,Athlético-PR,LAT,-0.6799999999999999,3.3666666666666667
461,Nicolás Hernández,105672,Athlético-PR,ZAG,-0.55,3.1
462,Nikão,69705,Athlético-PR,MEI,4.04,4.742857142857142
463,Nino,91708,Fluminense,ZAG,3.5888888888888895,4.92
464,Nino Paraíba,68808,Bahia,LAT,3.7600000000000002,4.009090909090909
465,Nonato,100987,Fluminense,MEI,1.5,0.66
466,Oliveira,81952,Ceará,MEI,-0.46666666666666673,1.5
467,Oliveira,94514,Atlético-GO,ZAG,2.3375000000000004,2.88
468,Orejuela,95352,São Paulo,LAT,0.8666666666666666,3.1
469,Osman,81898,Cuiabá,ATA,1.7333333333333334,0.22499999999999998
470,Osmar Loss,77552,Internacional,TEC,1.9,4.48
471,Osvaldo,42222,Fortaleza,ATA,0.26666666666666666,-0.12000000000000002
472,Pablo,69138,São Paulo,ATA,0.15714285714285717,2.566666666666667
473,Pablo,101733,Bahia,MEI,1.0,-0.1
474,Pablo Dyego,86444,Atlético-GO,ATA,0.10000000000000003,1.2
475,Palacios,110568,Internacional,ATA,1.55,-0.45999999999999996
476,Paolo Guerrero,75295,Internacional,ATA,1.125,1.0799999999999998
477,Pará,62086,Santos,LAT,3.085714285714286,0.53
478,Patric,60969,América-MG,LAT,3.9555555555555557,3.1500000000000004
479,Patrick,83433,Internacional,MEI,3.616666666666667,4.8769230769230765
480,Patrick de Lucca,105294,Bahia,MEI,1.2666666666666666,1.241666666666667
481,Patrick de Paula,107172,Palmeiras,MEI,1.6416666666666666,-0.48888888888888893
482,Paulinho Bóia,100333,Juventude,ATA,3.1333333333333333,2.26
483,Paulinho Moccelin,82640,Sport,ATA,0.6750000000000002,0.7916666666666666
484,Paulo Autuori,36943,Athlético-PR,TEC,4.42,1.9
485,Paulo Henrique,93716,Juventude,LAT,3.2833333333333328,0.6399999999999999
486,Paulo Miranda,68817,Grêmio,ZAG,1.5999999999999999,-3.9499999999999997
487,Paulo Victor ,112141,Internacional,LAT,3.1857142857142855,4.6499999999999995
488,Paulão,63172,Cuiabá,ZAG,0.5666666666666667,2.715384615384615
489,Pedrinho,100103,Bragantino,ATA,2.0333333333333337,1.3
490,Pedrinho,110995,Athlético-PR,LAT,1.2,-1.2000000000000002
491,Pedro,94583,Flamengo,ATA,4.62,4.781818181818182
492,Pedro Geromel,80853,Grêmio,ZAG,3.483333333333334,1.6714285714285715
493,Pedro Henrique,87225,Athlético-PR,ZAG,2.566666666666667,1.73
494,Pedro Henrique,105840,Internacional,ZAG,0.6,0.3
495,Pedro Naressi,98529,Ceará,MEI,2.1999999999999997,1.4142857142857141
496,Pedro Rocha,90302,Athlético-PR,ATA,4.58,1.3833333333333335
497,Pedro Victor,111534,Sport,ZAG,-0.5,0.0
498,Peglow,106821,Internacional,ATA,-0.7,0.0
499,Pepê,101573,Cuiabá,MEI,3.3299999999999996,3.5999999999999996
500,Perotti,94286,Chapecoense,ATA,1.5363636363636362,2.1818181818181817
501,Pintado,37424,Chapecoense,TEC,2.3742857142857146,2.8099999999999996
502,Piquerez,102130,Palmeiras,LAT,3.233333333333333,7.6
503,Piris da Motta,95802,Flamengo,MEI,1.0,0.0
504,Praxedes,107744,Bragantino,MEI,3.177777777777777,3.3285714285714283
505,Quintero,96382,Juventude,ZAG,-0.1499999999999999,0.019999999999999973
506,Rafael Bilu,103576,Juventude,ATA,0.4,0.0
507,Rafael Elias,102302,Cuiabá,ATA,0.5200000000000001,0.325
508,Rafael Forster,82764,Juventude,ZAG,2.05,0.2454545454545454
509,Rafael Gava,78867,Cuiabá,MEI,1.711111111111111,3.1
510,Rafael Luiz,107543,Bragantino,LAT,1.0666666666666667,10.2
511,Rafael Thyere,83048,Sport,ZAG,2.7,1.3363636363636364
512,Rafinha,38144,Grêmio,LAT,4.991666666666667,-0.2166666666666667
513,Ramires,103295,Bragantino,MEI,1.0,5.3
514,Ramiro,78715,Corinthians,MEI,-0.10000000000000002,0.26666666666666655
515,Ramon,103515,América-MG,MEI,0.76,0.8600000000000001
516,Raniel,86797,Santos,ATA,-0.35,1.1800000000000002
517,Raniele,95556,Bahia,MEI,0.0,1.7833333333333332
518,Raphael Veiga,94509,Palmeiras,MEI,6.671428571428571,3.8600000000000003
519,Raul,92496,Bragantino,MEI,2.8000000000000003,6.840000000000001
520,Raul Gustavo,109389,Corinthians,ZAG,1.4,0.20000000000000007
521,Ravanelli,92193,Chapecoense,MEI,1.2375000000000003,3.614285714285714
522,Raí Nascimento,114648,Bahia,ATA,5.55,4.1000000000000005
523,Realpe,106299,Bragantino,ZAG,-0.19999999999999998,1.4333333333333333
524,Reinaldo,78850,São Paulo,LAT,4.554545454545456,1.2666666666666666
525,Renan,109963,Palmeiras,ZAG,1.4857142857142858,5.579999999999999
526,Renan Guedes,104127,Bahia,LAT,4.575,-0.30000000000000004
527,Renato Augusto,38398,Corinthians,MEI,4.7,2.4
528,Renato Gaúcho,41929,Flamengo,TEC,5.115714285714286,5.377777777777776
529,Renato Kayzer,92696,Athlético-PR,ATA,3.4818181818181824,0.5272727272727272
530,Renê,78445,Flamengo,LAT,2.35,4.066666666666667
531,Renê Júnior,73281,Chapecoense,MEI,0.5,-0.3
532,Ribamar,94068,América-MG,ATA,1.33,1.2666666666666666
533,Ricardinho,68832,Juventude,MEI,1.9000000000000001,0.6375
534,Ricardinho,111813,Grêmio,ATA,0.8166666666666668,1.9833333333333336
535,Ricardo Bueno,69141,Juventude,ATA,7.6,8.625
536,Ricardo Silva,79334,América-MG,ZAG,2.66,2.8375000000000004
537,Richard,78851,Ceará,GOL,5.166666666666667,3.0
538,Richard,86711,Athlético-PR,MEI,2.98,3.0222222222222226
539,Rick,104459,Ceará,ATA,4.144444444444444,2.844444444444444
540,Rickson,100002,Atlético-GO,MEI,0.3666666666666667,-0.2
541,Rigoni,96684,São Paulo,ATA,4.7124999999999995,2.309090909090909
542,Roberson,68835,Juventude,ATA,-0.059999999999999984,1.7666666666666668
543,Robson,84817,Fortaleza,ATA,4.028571428571429,3.3999999999999995
544,Robson,111638,Santos,ZAG,3.3,3.8
545,Rodallega,74034,Bahia,ATA,8.819999999999999,0.28333333333333327
546,Rodinei,73992,Flamengo,LAT,4.05,1.8857142857142857
547,Rodolfo José,90264,América-MG,ATA,2.0333333333333337,2.5000000000000004
548,Rodrigo Caio,73800,Flamengo,ZAG,4.2444444444444445,3.4
549,Rodrigo Dourado,78865,Internacional,MEI,3.84,3.1999999999999997
550,Rodrigo Lindoso,72362,Internacional,MEI,1.8272727272727274,1.025
551,Rodrigo Muniz,107112,Flamengo,ATA,5.566666666666666,3.4
552,Rodrigo Nestor,106822,São Paulo,MEI,0.5111111111111112,2.3833333333333333
553,Rodrigo Silva,114646,Chapecoense,ATA,2.375,0.9
554,Rodrigues,91251,Grêmio,ZAG,2.183333333333333,2.2666666666666666
555,Rodriguinho,61033,Bahia,MEI,1.2076923076923078,3.141666666666666
556,Roger Machado ,79437,Fluminense,TEC,3.4083333333333337,2.8122222222222217
557,Rogério Ceni,97341,Flamengo,TEC,5.23,3.7125
558,Romarinho,84523,Fortaleza,ATA,1.2636363636363637,0.9923076923076924
559,Ronald,100969,Fortaleza,MEI,1.5142857142857142,1.05
560,Ronald,110916,Atlético-GO,ATA,2.2,1.5
561,Ronaldo César,111136,Bahia,ATA,-0.5333333333333333,2.3
562,Ronei,98419,Chapecoense,MEI,0.7,-0.65
563,Roni,105585,Corinthians,MEI,1.7374999999999998,1.9900000000000002
564,Rony,91607,Palmeiras,ATA,1.6272727272727272,1.5
565,Rossi,81798,Bahia,ATA,3.4444444444444446,0.925
566,Ruan,100842,Grêmio,ZAG,4.185714285714286,2.0999999999999996
567,Ryan Luka,113667,Flamengo,ATA,0.0,0.0
568,Réver,52253,Atlético-MG,ZAG,2.5666666666666664,4.557142857142857
569,Róger Guedes,89898,Corinthians,ATA,8.500000000000002,3.3800000000000003
570,Sabino,102905,América-MG,MEI,0.5666666666666667,-0.55
571,Sabino,104075,Sport,ZAG,3.558333333333333,2.0000000000000004
572,Samuel Xavier,73384,Fluminense,LAT,2.575,2.963636363636363
573,Sander,86391,Sport,LAT,5.2375,2.5999999999999996
574,Santos,69012,Athlético-PR,GOL,2.0555555555555554,3.65
575,Saravia,96725,Internacional,LAT,3.2625,4.955555555555556
576,Saulo Mineiro,98274,Ceará,ATA,5.24,0.6
577,Savarino,98672,Atlético-MG,ATA,6.314285714285715,2.1399999999999997
578,Shaylon,97520,São Paulo,MEI,0.95,0.3
579,Sorriso,111333,Juventude,ATA,17.3,10.9
580,Sylvinho,106047,Corinthians,TEC,3.5691666666666664,3.4253333333333327
581,Sávio,109463,Atlético-MG,ATA,-0.050000000000000044,0.5499999999999999
582,Taison,62114,Internacional,ATA,3.355555555555556,1.9714285714285715
583,Talles,106830,São Paulo,MEI,-0.36,-0.3
584,Tchê Tchê,86686,Atlético-MG,MEI,0.47500000000000014,0.47500000000000003
585,Terans,102878,Athlético-PR,MEI,6.970000000000001,4.5
586,Thaciano,87470,Bahia,MEI,4.283333333333333,2.1399999999999997
587,Thiago Galhardo,71844,Internacional,ATA,2.58,0.36000000000000004
588,Thiago Heleno,38394,Athlético-PR,ZAG,2.4363636363636365,1.3857142857142855
589,Thiago Lopes,92225,Sport,MEI,0.875,1.0
590,Thiago Maia,89637,Flamengo,MEI,2.0714285714285716,1.95
591,Thiago Neves,38277,Sport,MEI,0.0833333333333333,2.666666666666666
592,Thiago Santos,78855,Grêmio,MEI,1.6666666666666667,-0.1666666666666666
593,Thonny Anderson,101484,Bahia,MEI,0.9571428571428573,0.475
594,Tiago Nunes,98057,Ceará,TEC,4.061428571428571,2.712857142857143
595,Tiago Volpi,72018,São Paulo,GOL,4.653846153846154,2.1818181818181817
596,Tiepo,98412,Chapecoense,GOL,5.5,-1.5
597,Tinga,82628,Fortaleza,LAT,3.63076923076923,2.9615384615384617
598,Titi,50353,Fortaleza,ZAG,4.2846153846153845,3.0583333333333336
599,Toró,101885,Atlético-GO,ATA,-0.2333333333333334,0.5
600,Tréllez,87679,Sport,ATA,0.7545454545454546,0.5499999999999999
601,Uendel,60852,Cuiabá,LAT,1.08,3.775
602,Uillian Correia,72007,Cuiabá,MEI,0.4555555555555556,1.7333333333333334
603,Umberto Louzer,101077,Sport,TEC,2.332,2.691111111111111
604,Vagner Mancini,39850,América-MG,TEC,3.9716666666666662,3.42125
605,Vanderson,107750,Grêmio,LAT,2.97,4.79
606,Vargas,69102,Atlético-MG,ATA,4.279999999999999,3.625
607,Velázquez,90012,Santos,ZAG,5.3,4.1
608,Victor Bobsin,107501,Grêmio,MEI,1.1599999999999997,1.9000000000000004
609,Victor Luis,86410,Palmeiras,LAT,1.5,4.55
610,Villasanti,97145,Grêmio,MEI,6.040000000000001,4.8
611,Vina,71162,Ceará,MEI,2.7083333333333335,1.35
612,Vinicius Machado,106819,Ceará,GOL,1.0,-3.0
613,Vinicius Mingotti,105909,Athlético-PR,ATA,0.15000000000000002,1.05
614,Vinícius Balieiro,110605,Santos,MEI,-0.55,-1.9
615,Vinícius Mello,110687,Internacional,ATA,0.7000000000000001,0.37499999999999994
616,Vinícius Zanocelo,104521,Santos,MEI,0.6499999999999999,1.1625
617,Vitinho,78435,Flamengo,ATA,2.1500000000000004,4.636363636363636
618,Vitinho,95770,Bragantino,MEI,-0.10000000000000003,0.75
619,Vitinho,101960,Athlético-PR,ATA,4.766666666666667,2.0200000000000005
620,Vitinho,111406,Corinthians,MEI,2.6999999999999997,1.6888888888888887
621,Vitor Bueno,87552,São Paulo,ATA,1.9666666666666668,2.3714285714285714
622,Vitor Gabriel,101596,Flamengo,ATA,0.6,2.2
623,Vitor Mendes,104401,Juventude,ZAG,2.684615384615384,0.9083333333333333
624,Viña,98974,Palmeiras,LAT,9.1,2.1
625,Víctor Cuesta,79113,Internacional,ZAG,4.125,1.7923076923076922
626,Wagner,37674,Juventude,MEI,0.5,3.725
627,Wagner Leonardo,104994,Santos,ZAG,4.4,1.6285714285714286
628,Walter,51413,Cuiabá,GOL,2.2222222222222223,6.5
629,Wanderson,86143,Atlético-GO,ZAG,1.25,2.8142857142857145
630,Welington ,106824,São Paulo,LAT,1.3199999999999998,0.6333333333333332
631,Wellington,62129,Fluminense,MEI,0.4800000000000001,0.36666666666666664
632,Wellington Paulista,38279,Fortaleza,ATA,2.633333333333333,0.25
633,Wendson,110948,Ceará,ATA,2.566666666666667,-0.033333333333333326
634,Wescley,70925,Juventude,MEI,1.6666666666666667,0.54
635,Wesley,105811,Palmeiras,ATA,3.55,0.7999999999999999
636,Weverson,109426,Bragantino,LAT,1.6800000000000002,0.4428571428571429
637,Weverton,71631,Palmeiras,GOL,2.375,5.083333333333333
638,Weverton,104625,Bragantino,LAT,0.275,2.725
639,William Matheus,62130,Juventude,LAT,3.0384615384615383,1.7777777777777777
640,William Oliveira,94297,Ceará,MEI,3.2999999999999994,0.0666666666666667
641,Willian,42116,Palmeiras,ATA,4.38,1.0142857142857145
642,Willian,42135,Corinthians,MEI,1.8,1.2
643,Willian Arão,78478,Flamengo,ZAG,3.6000000000000005,3.9999999999999996
644,Willian Maranhão,87262,Atlético-GO,MEI,1.215384615384615,1.05
645,Xavier,102067,Corinthians,MEI,-0.06000000000000001,-0.4
646,Yago Felipe,87747,Fluminense,MEI,2.3076923076923075,3.5
647,Yago Pikachu,80196,Fortaleza,MEI,5.957142857142856,4.684615384615385
648,Yan Sasse,96055,América-MG,MEI,0.8,0.7
649,Yony González,97080,Ceará,ATA,-0.22500000000000003,-0.10000000000000002
650,Ytalo,53148,Bragantino,ATA,5.3545454545454545,5.522222222222222
651,Yuri Alberto,100652,Internacional,ATA,6.008333333333333,4.407142857142857
652,Yuri Lima,90569,Cuiabá,MEI,-0.36,0.044444444444444495
653,Zaracho,100079,Atlético-MG,MEI,3.472727272727273,3.736363636363637
654,Zárate,70523,América-MG,ATA,1.6666666666666667,-0.2
655,Zé Gabriel,105902,Internacional,ZAG,1.15,1.625
656,Zé Ivaldo,91866,Athlético-PR,ZAG,-0.4181818181818182,3.47
657,Zé Rafael,82455,Palmeiras,MEI,2.0545454545454547,2.2375
658,Zé Ricardo,97317,América-MG,MEI,0.9571428571428573,1.25
659,Zé Roberto,80076,Atlético-GO,ATA,0.31428571428571433,3.072727272727273
660,Zé Vitor,112708,América-MG,ZAG,0.75,-2.7
661,Ângelo,110415,Santos,ATA,0.06666666666666668,0.3666666666666667
662,Éder ,91203,Atlético-GO,ZAG,0.7500000000000001,2.4499999999999997
663,Éderson,103099,Fortaleza,MEI,5.892307692307692,4.907142857142857
664,Óscar Ruíz,71691,Bahia,MEI,1.1875,0.1
